url,text
https://hairlust.com/blogs/blog,"Home
ShopFeaturedAll ProductsNew InOffers + BundlesBestsellersShop by CategoryHair VitaminsShampoo + ConditionerDry ShampooLeave-in ConditionerHair MaskHair OilShampoo + Conditioner BarsHair StylingScalp CareBrushes + AccessoriesBamboo BeddingEyelash SerumMenTravel Sizes + EssentialsLimited EditionGift CardShop by AttributeHair GrowthCurly Girl ApprovedMoisturizingHair VolumeAnti-DandruffClarifyingBeard CareSun and UV-protectionHeat ProtectionColor ProtectionPerfume-FreeAnti-FrizzCollectionsCurl Crush™Grow Perfect™Moisture Hero™Split Fix™Volume Wizard™Scalp Delight™Enriched Blonde™Wonder Beard™Instant Relief™Hair Bars™Heavenly Smooth™
Featured
All Products
New In
Offers + Bundles
Bestsellers
Shop by Category
Hair Vitamins
Shampoo + Conditioner
Dry Shampoo
Leave-in Conditioner
Hair Mask
Hair Oil
Shampoo + Conditioner Bars
Hair Styling
Scalp Care
Brushes + Accessories
Bamboo Bedding
Eyelash Serum
Men
Travel Sizes + Essentials
Limited Edition
Gift Card
Shop by Attribute
Hair Growth
Curly Girl Approved
Moisturizing
Hair Volume
Anti-Dandruff
Clarifying
Beard Care
Sun and UV-protection
Heat Protection
Color Protection
Perfume-Free
Anti-Frizz
Collections
Curl Crush™
Grow Perfect™
Moisture Hero™
Split Fix™
Volume Wizard™
Scalp Delight™
Enriched Blonde™
Wonder Beard™
Instant Relief™
Hair Bars™
Heavenly Smooth™
AboutBehind the logoIngredientsReviewsOur valuesUpcyclingRecycle and get rewardedIngredientsThe A to Z of our product ingredients.ReviewsBefore-after images and testimonials
Behind the logo
Ingredients
Reviews
Our values
Upcycling
Recycle and get rewarded
Ingredients
The A to Z of our product ingredients.
Reviews
Before-after images and testimonials
Hair TalkHair Talk BlogYour Hair. Your Story.Video studioHairlust INSPIREInspirationHair Talk BlogA dictionary of hair careYour Hair. Your Story.It’s time to start the conversation, to share the untold tales of hair struggles and triumphs.
Hair Talk Blog
Your Hair. Your Story.
Video studio
Hairlust INSPIRE
Inspiration
Hair Talk Blog
A dictionary of hair care
Your Hair. Your Story.
It’s time to start the conversation, to share the untold tales of hair struggles and triumphs.
Hair Test
Grow Perfect™
Curl Crush™
Scalp Delight™
Split Fix™
Moisture Hero™
Volume Wizard™
Wonder Beard™
Enriched Blonde™
Instant Relief™
Hair Bars™
Hair Vitamins
Hair Styling
Hairbrushes
Bamboo Bedding
Home
ShopShopAll productsNew InOffers + BundlesBestsellersCollectionsCollectionsCurl Crush™Grow Perfect™Moisture Hero™Split Fix™Volume Wizard™Scalp Delight™Enriched Blonde™Wonder Beard™Instant Relief™Hair Bars™Heavenly Smooth™Shop by CategoryShop by CategoryHair VitaminsShampoo + ConditionerDry ShampooLeave-in ConditionerHair MaskHair OilShampoo + Conditioner BarsHair StylingScalp CareBrushes + AccessoriesBamboo BeddingMenTravel Sizes + EssentialsLimited EditionGift CardShop by AttributeShop by AttributeHair GrowthCurly Girl ApprovedMoisturizingHair VolumeAnti-DandruffClarifyingBeard CareSun and UV-protectionHeat ProtectionColor ProtectionPerfume-FreeAnti-Frizz
Shop
All products
New In
Offers + Bundles
Bestsellers
CollectionsCollectionsCurl Crush™Grow Perfect™Moisture Hero™Split Fix™Volume Wizard™Scalp Delight™Enriched Blonde™Wonder Beard™Instant Relief™Hair Bars™Heavenly Smooth™
Collections
Curl Crush™
Grow Perfect™
Moisture Hero™
Split Fix™
Volume Wizard™
Scalp Delight™
Enriched Blonde™
Wonder Beard™
Instant Relief™
Hair Bars™
Heavenly Smooth™
Shop by CategoryShop by CategoryHair VitaminsShampoo + ConditionerDry ShampooLeave-in ConditionerHair MaskHair OilShampoo + Conditioner BarsHair StylingScalp CareBrushes + AccessoriesBamboo BeddingMenTravel Sizes + EssentialsLimited EditionGift Card
Shop by Category
Hair Vitamins
Shampoo + Conditioner
Dry Shampoo
Leave-in Conditioner
Hair Mask
Hair Oil
Shampoo + Conditioner Bars
Hair Styling
Scalp Care
Brushes + Accessories
Bamboo Bedding
Men
Travel Sizes + Essentials
Limited Edition
Gift Card
Shop by AttributeShop by AttributeHair GrowthCurly Girl ApprovedMoisturizingHair VolumeAnti-DandruffClarifyingBeard CareSun and UV-protectionHeat ProtectionColor ProtectionPerfume-FreeAnti-Frizz
Shop by Attribute
Hair Growth
Curly Girl Approved
Moisturizing
Hair Volume
Anti-Dandruff
Clarifying
Beard Care
Sun and UV-protection
Heat Protection
Color Protection
Perfume-Free
Anti-Frizz
AboutAboutBehind the logoIngredientsBefore-After + TestimonialsOur ValuesUpcyclingRecycle and get rewarded
About
Behind the logo
Ingredients
Before-After + Testimonials
Our Values
Upcycling
Recycle and get rewarded
Hair TalkHair TalkYour Hair. Your Story.Hair Talk BlogVideo StudioHairlust INSPIREInspiration
Hair Talk
Your Hair. Your Story.
Hair Talk Blog
Video Studio
Hairlust INSPIRE
Inspiration
Hair Test
Frequently asked questions (FAQ)
Shipping
Contact us
My account
Collections
Popular searches
shampoo
curly girl
hair loss
hair gummies
bamboo pillowcase
Products
Your search yielded no results
Hair Talk Blog
Put on your reading glasses, immerse yourself in our blog and read all about hair. We share our knowledge and make it easier for you to take good care of your hair.
Categories
All
Beard
Blonde hair
Curly Girl Method
Curly hair
Damaged hair
Dandruff
Dry hair
Eyelashes & eyebrows
Fine hair
Frizzy hair
Greasy hair
Grey hair
Hair loss
Hair volume
Menopause
Pregnancy
Product guide
Scalp care
Styling
Top Hair Products for Men: Best Shampoos, Growth Boosters & Styling Essentials
The 8 Best pH-Balanced Shampoos: Why pH Matters for Your Hair and Scalp?
How to Repair Bleach Damaged Hair: 10 Easy Steps!
A Step-by-Step Guide to The Curly Girl Method (+Approved Products)
Best Hair Styling Powder: 7 Benefits of Using Hair Volume Powder
How to Regain Hair Loss from Stress: 8 Effective Treatments
Curl Cream vs. Mousse: How to Choose The Best Curly Hair Products
Rice Water for Hair Growth: The Benefits + Best Rice Water Hair Products
Are Salon Shampoos Worth It? A Guide to Professional Hair Products
3 Best Hair Mousses for Volume + How to Use Hair Mousse For Best Results
Yeast on Scalp? Best Antifungal Shampoos + Remedies for Scalp Fungus
Best Brushes and Combs for Curly Hair + How to Use Them Right
Sun Protection for Hair: Why Should You Use Hair SPF?
The 5 Best Hair Brushes for Infants & Kids
Best Products for Shiny, Smooth Hair + How to Get Silky Hair Naturally
Best Natural DHT Blockers for Hair Growth Without Side Effects
The Truth About Silk Bonnets: Why a Bamboo Hair Bonnet is Better
Does Coffee Work for Hair Growth? The Benefits of Caffeine Shampoos
The Best Clarifying Shampoos: How To Deep Cleanse Your Scalp
Scalp Oil for Hair Growth: This Popular Oil is Our Best Recommendation
Sign up for our newsletter
Join +200,000 others: Sign up for our newsletter to get great deals, advice and new inspiration for your hair journey.
Thank you for signing up!
We process your information in accordance with ourdata policy. Unsubscribe anytime.
Cart (0)Close

Your cart is empty






Saving£0.00
ShippingCalculated in the next step
Gift cards and discounts can be redeemed in the next step
Total£0.00
I accept theterms & conditions






Terms & Conditions
You must accept ourterms & conditionsto go to checkout.
Are you in the right place?
Please select your shipping country
Select country
Customer service
Frequently asked questions (FAQ)
Shipping
Contact us
My account
Worth scrolling for
All products
Behind the logo
Reviews
Press
Career
Influencers
Recycle and get rewarded
Facebook
Instagram
YouTube
TikTok
Manage cookies
Terms & conditions
Data & privacy policy"
https://www.pai-shau.com/blogs/hair-and-there,"

Shop
ProductsShampooConditionerStylingTreatmentTravelGift SetsRitualsHydrating RitualEnhance RitualVolume RitualDesign Ritual
Products
ShampooConditionerStylingTreatmentTravelGift Sets
Shampoo
Conditioner
Styling
Treatment
Travel
Gift Sets
Rituals
Hydrating RitualEnhance RitualVolume RitualDesign Ritual
Hydrating Ritual
Enhance Ritual
Volume Ritual
Design Ritual
About
Signature Tea Complex
Professionals
Log In/Create Account
Login
Cart0
ShopProductsShampooConditionerStylingTreatmentTravelGift SetsRitualsHydrating RitualEnhance RitualVolume RitualDesign Ritual
Shampoo
Conditioner
Styling
Treatment
Travel
Gift Sets
Hydrating Ritual
Enhance Ritual
Volume Ritual
Design Ritual
About
Signature Tea Complex
Professionals
Login
Cart0
Haircare Blog
Recent
Glossy, Frizz-Free, and Protected: Summer Starts...As the days grow warmer and longer, your haircare routine deserves a seasonal refresh. Summer brings sunshine, beach days, and poolside lounging - but it also brings heat, humidity, and...Read MoreJun 09, 25•  By Pai-Shau0Comments
Glossy, Frizz-Free, and Protected: Summer Starts...
As the days grow warmer and longer, your haircare routine deserves a seasonal refresh. Summer brings sunshine, beach days, and poolside lounging - but it also brings heat, humidity, and...
beauty products•Mother's Day•Mother's Day Gifts•PromoTimeless Beauty, Thoughtful Gifting: Mother’s Day...Mother’s Day is more than a holiday - it’s a moment to reflect, appreciate, and honor the women who nurture us with love, strength, and wisdom. And while flowers and...Read MoreApr 30, 25•  By Pai-Shau0Comments
Timeless Beauty, Thoughtful Gifting: Mother’s Day...
Mother’s Day is more than a holiday - it’s a moment to reflect, appreciate, and honor the women who nurture us with love, strength, and wisdom. And while flowers and...
spring hairThe Ultimate Spring Hydration Ritual with...Spring is a time of renewal, making it the perfect season to refresh and rejuvenate your hair after months of winter dryness. As the weather shifts, your hair needs hydration,...Read MoreMar 20, 25•  By Pai-Shau0Comments
The Ultimate Spring Hydration Ritual with...
Spring is a time of renewal, making it the perfect season to refresh and rejuvenate your hair after months of winter dryness. As the weather shifts, your hair needs hydration,...
black tea benefits  for hair•black tea hair benefits•Signature Tea Complex•tea benefits for hair•tea benefits for hair growthThe Tea on Gorgeous Hair: Unlocking...We talk a lot about what we put in our bodies, but what about what we put on our hair? If your strands are feeling thirsty, dull, or just plain...Read MoreMar 05, 25•  By Pai-Shau0Comments
The Tea on Gorgeous Hair: Unlocking...
We talk a lot about what we put in our bodies, but what about what we put on our hair? If your strands are feeling thirsty, dull, or just plain...
Why Fall is the Best Time...As the leaves turn and the weather cools, the shift in seasons signals the perfect time to start a fresh hair care routine. Fall can be a tricky time for...Read MoreNov 04, 24•  By Pai-Shau0Comments
Why Fall is the Best Time...
As the leaves turn and the weather cools, the shift in seasons signals the perfect time to start a fresh hair care routine. Fall can be a tricky time for...
Fall Color HaircareEssential Fall Color Care: How to...As the seasons change and autumn approaches, many turn to rich, vibrant hair colors like deep reds, warm auburns, and fiery coppers to match the beauty of fall. But maintaining...Read MoreOct 08, 24•  By Pai-Shau0Comments
Essential Fall Color Care: How to...
As the seasons change and autumn approaches, many turn to rich, vibrant hair colors like deep reds, warm auburns, and fiery coppers to match the beauty of fall. But maintaining...
hydrate hair•summer hairHydration Hair Care - Prep for...As summer approaches, the desire for sun-kissed skin and beachy waves is met with the reality of increased exposure to UV rays, chlorine, and saltwater, all of which can wreak...Read MoreJun 18, 24•  By Pai-Shau0Comments
Hydration Hair Care - Prep for...
As summer approaches, the desire for sun-kissed skin and beachy waves is met with the reality of increased exposure to UV rays, chlorine, and saltwater, all of which can wreak...
Mother's Day3 Timeless Hairstyles Inspired by Iconic...As Mother's Day approaches, it's the perfect time to celebrate the influential mothers who have left an indelible mark on history. From Hollywood icons to royalty, these legendary moms not...Read MoreMay 07, 24•  By Pai-Shau0Comments
3 Timeless Hairstyles Inspired by Iconic...
As Mother's Day approaches, it's the perfect time to celebrate the influential mothers who have left an indelible mark on history. From Hollywood icons to royalty, these legendary moms not...
Time to Bloom: 4 Tips for...As the world awakens from the slumber of winter, so too does our desire for renewal and rejuvenation. Spring is the perfect time to refresh various aspects of our lives,...Read MoreMar 20, 24•  By Pai-Shau0Comments
Time to Bloom: 4 Tips for...
As the world awakens from the slumber of winter, so too does our desire for renewal and rejuvenation. Spring is the perfect time to refresh various aspects of our lives,...
Valentine's Day HairLove is in the HAIR: Unveil...Love is in the HAIR, and so is the anticipation for the perfect Valentine's Day look! If you're envisioning hair that turns heads and steals hearts, we've got the inside...Read MoreFeb 01, 24•  By Pai-Shau0Comments
Love is in the HAIR: Unveil...
Love is in the HAIR, and so is the anticipation for the perfect Valentine's Day look! If you're envisioning hair that turns heads and steals hearts, we've got the inside...
2024's Hair Makeover Guide•Hairstyles2024's Hair Makeover Guide: New Year,...Are you ready to kick off the New Year with a fresh look? As we step into a brand-new chapter, it's the perfect time to break out of your comfort...Read MoreDec 28, 23•  By Pai-Shau0Comments
2024's Hair Makeover Guide: New Year,...
Are you ready to kick off the New Year with a fresh look? As we step into a brand-new chapter, it's the perfect time to break out of your comfort...
haircare•holiday ready hairUnwrap the Magic: Pai-Shau's Luxurious Haircare...'Tis the season to be stunning! As the holidays approach, the search for the perfect gifts begins. This year, why not indulge in the gift of beautiful, healthy hair with...Read MoreNov 29, 23•  By Pai-Shau0Comments
Unwrap the Magic: Pai-Shau's Luxurious Haircare...
'Tis the season to be stunning! As the holidays approach, the search for the perfect gifts begins. This year, why not indulge in the gift of beautiful, healthy hair with...
Hairstyles•Halloween hairstyles•movie-inspired hairstylesRecreate These 5 Iconic Movie Hairstyles...Halloween is the perfect time to let your creativity run wild and transform yourself into your favorite movie characters. And what better way to pay homage to the silver screen...Read MoreOct 18, 23•  By Pai-Shau0Comments
Recreate These 5 Iconic Movie Hairstyles...
Halloween is the perfect time to let your creativity run wild and transform yourself into your favorite movie characters. And what better way to pay homage to the silver screen...
UlTEAmate Guide to Gorgeous Fall Hair...Fall is arguably one of our favorite hair color seasons with rich browns, mahogany shades, stunning coppers and darker hues. Seasonal transitions are the best time to experiment with your...Read MoreSep 22, 23•  By Pai-Shau0Comments
UlTEAmate Guide to Gorgeous Fall Hair...
Fall is arguably one of our favorite hair color seasons with rich browns, mahogany shades, stunning coppers and darker hues. Seasonal transitions are the best time to experiment with your...
2024's Hair Makeover Guide
animal lovers
Back to school
beauty products
best smelling hair products
birthday
black tea benefits  for hair
black tea hair benefits
Blow Dry Refresher and Volumizer
causes of damaged hair
causes of itchy scalp
chemically damaged hair
cleanse hair
conditioner
coronavirus
Covid 19
cruelty free curly hair products
cruelty free hair brands
cruelty free hair products
cruely free
curly hair
curly hair spray
daily shampooing
damaged hair
detangled hair
dry hair
dry hair products
dry hair solution
dry scalp
dry scalp products
Dry Shampoo
dull hair
dull hair shampoo
dull hair solution
dull hair treatment
dyeing hair roots
dying hair roots
dying roots
Fall Color Haircare
frizzy hair
frizzy hair products
frizzy hair solution
get curly hair
get silky hair
Golden Blonde Hair
hair care routine
hair color
hair coloring
hair detox
hair dyeing
hair growth
hair knots
hair loss
hair loss shampoo
hair loss treatment
hair maintenance
hair mask
hair moisture
hair moisturize
hair salons
hair stylists
hair volume
hair washing routine
haircare
Hairspray
Hairstyles
Halloween hairstyles
healthy scalp tips
holiday ready hair
how to achieve healthy scalp
how to detangle hair
how to dye roots
how to get out hair knots
how to get rid of hair knots
how to get rid of itchy scalp
how to get silky hair
how to get silky soft hair
how to getout hair knots
how to make hair smell good
how to make your hair smell good
how to make your hair soft and silky
how to prevent hair knots
how to repair chemically damaged hair
how to repair damaged hair
how to untangle hair knots
How-to
hydrate hair
itchy scalp
itchy scalp prevention
itchy scalp remedies
Long Hair
long shiny hair
Mother's Day
Mother's Day Gifts
movie-inspired hairstyles
obtain silky hair
postpartum hair loss
postpartum hair loss prevention
postpartum hair loss shampoo
postpartum hair loss treatment
products that make your hair smell good
Prom Hairstyles
Promo
protecting hair from heat
remedies for itchy scalp
severely chemically damaged hair
severely damaged hair
shampoo
shampoo for date
shampoo scent
shiny hair
shiny scalp
Signature Tea Complex
silky hair
silky hair products
smooth hair
soft hair
split ends
spring hair
sulfate free hair growth shampoo
sulfate free hair mask
sulfate free hair products
sulfate free hair spray
summer hair
tea benefits for hair
tea benefits for hair growth
Texture Dust
tips for detangling hair
tips for silky hair
tips for silky soft hair
Valentine's Day Hair
vegan hair products
what causes frizzy hair
wife
wife birthday gift
winter hair products
Sign up for emails
Featured Collection


About
All of Pai-Shau's  luxury haircare products are infused with vitamin-rich Signature Tea Complex to provide root to tip nourishment.
Menu
Shop
About
Signature Tea Complex
Professionals
Customer Care
Contact Us
Shipping
Privacy Policy
Terms and Conditions
Your privacy choices
About Us
Our Story
Hair and There
FAQs
Careers
Press
© 2025 Pai-Shau•Powered by Shopify
Currency
Currency
CanadaCAD $
United StatesUSD $
Cart
0Item(s)
Or


Join us and get nice things
Free stuff and general goodness
*By completing this form you're signing up to receive our emails and can unsubscribe at any time."
https://theearthcollective.in/blogs/blog/creating-a-nourishing-hair-care-routine-your-guide-to-a-healthy-hair-scalp,"All the Order Will be Dispatched 2nd October
🌟 Free shipping on prepaid orders above ₹ 750 🌟
🤑 Only one offer applies at a time 🤑
🌟 Use code First10 for a flat 10% off on your 1st order 🌟
Best-SellersCo-washHair MoisturiserWater Defence SprayHair Density TonicAnd more..
Co-wash
Hair Moisturiser
Water Defence Spray
Hair Density Tonic
And more..
Shop By ProductsExclusive Hair CareHair CleansersHair ConditionersHair MasksHair OilsHair SerumLeave-in TreatmentsCleanser & Conditioner ComboHair Care BundlesHair Care Gift BoxRefill PacksTravel Size MinisView All
Exclusive Hair Care
Hair Cleansers
Hair Conditioners
Hair Masks
Hair Oils
Hair Serum
Leave-in Treatments
Cleanser & Conditioner Combo
Hair Care Bundles
Hair Care Gift Box
Refill Packs
Travel Size Minis
View All
Shop by ConcernHair Fall & Hair GrowthOily Scalp & HairDry and Frizzy HairNormal Hair NourishmentColoured HairDandruffHair Breakage/Anti-AgeingExtra ProtectionView All
Hair Fall & Hair Growth
Oily Scalp & Hair
Dry and Frizzy Hair
Normal Hair Nourishment
Coloured Hair
Dandruff
Hair Breakage/Anti-Ageing
Extra Protection
View All
Haircare by LifestyleRegular SwimmerWorkout EnthusiastFrequent TravellersNew Moms/ Moms To BeMore OutdoorsView All
Regular Swimmer
Workout Enthusiast
Frequent Travellers
New Moms/ Moms To Be
More Outdoors
View All
Build your Routine
Talk to UsQueriesContact UsInternational ShippingFree ConsultationAbout UsOur StoryFounder StoryOur ManufacturingFeaturedOur JournalRewards
Best-SellersExpand submenuBest-SellersView allCo-washHair MoisturiserWater Defence SprayHair Density TonicAnd more..
Best-Sellers
View all
Co-wash
Hair Moisturiser
Water Defence Spray
Hair Density Tonic
And more..
Shop By ProductsExpand submenuShop By ProductsExclusive Hair CareHair CleansersHair ConditionersHair MasksHair OilsHair SerumLeave-in TreatmentsCleanser & Conditioner ComboHair Care BundlesHair Care Gift BoxRefill PacksTravel Size MinisView All
Shop By Products
Exclusive Hair Care
Hair Cleansers
Hair Conditioners
Hair Masks
Hair Oils
Hair Serum
Leave-in Treatments
Cleanser & Conditioner Combo
Hair Care Bundles
Hair Care Gift Box
Refill Packs
Travel Size Minis
View All
Shop by ConcernExpand submenuShop by ConcernHair Fall & Hair GrowthOily Scalp & HairDry and Frizzy HairNormal Hair NourishmentColoured HairDandruffHair Breakage/Anti-AgeingExtra ProtectionView All
Shop by Concern
Hair Fall & Hair Growth
Oily Scalp & Hair
Dry and Frizzy Hair
Normal Hair Nourishment
Coloured Hair
Dandruff
Hair Breakage/Anti-Ageing
Extra Protection
View All
Haircare by LifestyleExpand submenuHaircare by LifestyleRegular SwimmerWorkout EnthusiastFrequent TravellersNew Moms/ Moms To BeMore OutdoorsView All
Haircare by Lifestyle
Regular Swimmer
Workout Enthusiast
Frequent Travellers
New Moms/ Moms To Be
More Outdoors
View All
Build your Routine
Talk to UsExpand submenuTalk to UsQueriesExpand submenuQueriesContact UsInternational ShippingFree ConsultationAbout UsExpand submenuAbout UsOur StoryFounder StoryOur ManufacturingFeaturedOur JournalRewards
Talk to Us
QueriesExpand submenuQueriesContact UsInternational ShippingFree Consultation
Queries
Contact Us
International Shipping
Free Consultation
About UsExpand submenuAbout UsOur StoryFounder StoryOur ManufacturingFeaturedOur JournalRewards
About Us
Our Story
Founder Story
Our Manufacturing
Featured
Our Journal
Rewards
Creating a Nourishing Hair Care Routine: Your Guide to a Healthy Hair & Scalp
Having beautiful, healthy hair isn't just about genetics; it's a result of consistent care and attention. In a world where pollution, stress, and chemical-laden products take a toll on our hair, creating a nourishing hair care ritual is essential to maintain healthy, vibrant locks.
1. Understanding Your Hair Type: The Foundation
Before diving into creating your hair care ritual, it's crucial to understand your hair type. Whether your hair is straight, wavy, curly, or coily, its unique characteristics will determine the products and techniques that work best for you.
Here's a breakdown of the main hair types and the ideal hair care routine for each type:
Straight Hair:Tends to get oily at the roots, requiring gentle cleansing and lightweight conditioning
Wavy Hair:Benefits from products that enhance its natural texture while providing hydration
Curly Hair:Craves moisture and requires products that define and manage curls without causing frizz
Coily Hair:Demands intense hydration and careful detangling to prevent breakage
For products formulated for your specific hair type, check out The Earth Collective today!
2. Ingredient Recommendations: Nature's Goodness
The foundation of any nourishing hair care routine is the products you use. Natural and nourishing ingredients can work wonders for your hair health. Look for products that contain:
Argan Oil:Rich in antioxidants and fatty acids, argan oil deeply moisturises and tames frizz.
Coconut Oil:Penetrates hair shafts, reducing protein loss and enhancing shine.
Shea Butter:Provides intense moisture, making hair soft and manageable.
Aloe Vera:Soothes the scalp, promotes hair growth, and reduces dandruff.
Keratin:Repairs and strengthens damaged hair, increasing its resilience.
3. The Perfect Hair Wash Technique: Step by Step
A crucial aspect of a nourishing hair care routine is the way you wash your hair. Follow these steps for a thorough and gentle cleanse:
Step 1(Pre-Wash Prep): Gently detangle your hair using a wide-tooth comb to prevent breakage during washing.
Step 2(Wet Your Hair): Use lukewarm water to wet your hair thoroughly. Hot water can strip away natural oils.
Step 3(Shampoo/cleanser Application): Pour a small amount of sulphate-free shampoo/ cleanser onto your palms. Apply it to your scalp and work it into a lather using your fingertips. Avoid excessive scrubbing, as it can lead to irritation.
Step 4(Rinse): Rinse your hair thoroughly with lukewarm water until all shampoo is removed.
Step 5 (Conditioner Application): Apply a conditioner to the lengths and ends of your hair. Use a wide-tooth comb to distribute the product evenly and detangle your hair gently. Leave the conditioner on for about 3-4 minutes.
Step 6 (Final Rinse): Finish your hair wash routine with a cool water rinse to seal the cuticles, enhance shine, and reduce frizz.
4. Frequency of Hair Wash: Finding the Balance
While a clean scalp is essential, over-washing can strip away natural oils, leaving your hair dry and brittle. Strive to find a balance that suits your hair type and lifestyle:
Oily Hair: Wash every 2-3 days to manage excess oil
Normal Hair:Wash every 3-4 days to maintain a healthy balance
Dry Hair:Wash every 4-7 days to retain natural oils and prevent further drying
For best results, consider alternating between washing your hair with a shampoo/cleanser and using a co-wash to help maintain moisture balance.
5. Avoiding Common Pitfalls: Hair Care Tips
Creating a nourishing hair care ritual involves not only what you do but also what you avoid. Here are some tips to keep in mind:
Use Heat Protection:Before using heat styling tools, apply a heat protectant spray to shield your hair from damage
Trim Regularly:Schedule regular trims every 6-8 weeks to remove split ends and promote healthy growth
Avoid Tight Hairstyles:Avoid tightly pulling back your hair, as it can lead to breakage and hair loss
Stay Hydrated:Drinking enough water keeps your hair hydrated from within.
Creating a nourishing hair care routine is a labour of love that rewards you with healthy hair. By understanding your hair type, selecting the right products, mastering the ideal hair wash technique, and practising good habits, you can transform your hair from dull to dazzling. Remember, consistency is key. With time and dedication, your hair care ritual will become a cherished self-care practice that yields beautiful results for years to come.
ShareFacebook
ShareX
Pin itPinterest
Get in touch
+91 99032 76567
Email us
C/O Loren Beautifiers PVT LTD.404 Vardan Complex, 4th Floor,25A Camac Street, Kolkata -  700016
Facebook
Instagram
YouTube
Menu
Best-Sellers
Shop By Products
Shop By Concern
Haircare By Lifestyle
Build Your Routine
Contact Us
Our Manufacturing
Our Story
Founder Story
International Shipping



"
https://minimalistbeauty.com/blog/no-more-chemical-hair-care-part-1,"No More Chemical Hair Care - Part 1
I can't believe I'm going to say this, but I’m happier with my hair now that I haven’t only eliminated shampoos from my hair regimen, but""natural"" conditionerstoo.  So you’re probably wondering what I’ve been cleansing and conditioning my hair with, and how am I keeping my hair healthy?  The answer is simple 100% natural herbs and oils, plus edible ingredients.
Before I get into the ingredients, I'd like to tell you more about why I stopped specifically using ""natural"" conditioner although I haven't used traditional shampoo for years.  Detergents in chemical shampoos weaken and dry out healthy hair.  Last year I learned exactlywhat ingredients make a conditioner specifically different than a simple hair lotion.  Although these synthetic conditioner ingredients are not deemed seriously toxic to our bodies, they pollute our water supply.
Ingredients such as cetyl alcohol, emulsifying wax, and wheat protein are all chemically processed.  I also learned that popular conditioner ingredients such as BTMS aka behentrimonium methosulfate, cetrimonium bromide, quaternium-15 are all quaternary ammonium compounds and can cause contact dermatitis as well as contribute to unnecessary water pollution.-Source
Other conditioner ingredients such as cetrimonium chloride, stearalkonium chloride, and cetalkonium chloride can create dry and brittle hair after long-term use.-Source
When I was thinking about these types of conditioning ingredients, it made me wonder why they were so valuable in hair care in the first place.  I also began to question why so many ""natural"" cosmetic brands, and smaller home-based beauty businesses where using chemical ingredients in their products.  Now even toxic chemical cosmetic ingredients are available to everyone with internet access.  It also had me determined to see if it was possible to truly maintain healthy curly hair without these commonly used chemical conditioners.  Here are three different needs of hair care by general hair type.
Curly hair needs gentle cleansing, some sort of slippery product to detangle and condition hair, and another to clump curls to be remain frizz free.
Curly hair needs gentle cleansing, some sort of slippery product to detangle and condition hair, and another to clump curls to be remain frizz free.
Straight hair also needs cleansing and detangling without being weighed down by oils especially if the scalp already produces excess sebum while leaving hair shiny with volume.
Straight hair also needs cleansing and detangling without being weighed down by oils especially if the scalp already produces excess sebum while leaving hair shiny with volume.
Chemically altered hair needs serious strengthening and sealing of the hair cuticle to make it appear healthy.
Chemically altered hair needs serious strengthening and sealing of the hair cuticle to make it appear healthy.
I decided to do some research on The Long Hair Community to see what natural ingredients women with all hair type were using to maintain their long straight, wavy, and curly hair.  I wanted to know what was and wasn’t working.  Many women were happily using herbs and natural oils for healthy hair care.  Many of these simple ingredients I’ve tried, while a few were new to me.
I've continued to play around with a bunch of different natural ingredients.  I want to start by saying that my hair is softer yet stronger than when I was using synthetic conditioners.
I do get single strand knots although less than before, and my split ends have drastically been reduced.  My hair seemed to be over conditioned from consistent co-washing, and using leave-in conditioners caused excess split ends.  I can access the true health of my hair now that it’s not coated with synthetic conditioners.  It was odd at first to feel my naked hair without conditioners, yet I absolutely love it now.
Here is a list of 100% natural alternatives to healthy hair care for all hair types.
Cleansing Herbs
Yucca
Aritha/Soapnuts
Soapwort Root
Shikakai
Bentonite Clay
Rhassoul Clay
Conditioning/Detangling Herbs
Marshmallow Root
Slippery Elm
Irish Moss
Catnip
Amla
Brahmi
Henna
Cassia
Conditioning Hair Foods
Bananas
Avocados
Coconut Milk
Yogurt
Great Leave-in's/Styling Products
Aloe Vera
Flax Seed Gel
Apricot Oil
Shea Butter
Wheat Germ Oil
Hemp Oil
Camellia Oil
Jojoba Oil
Castor Oil
Coconut Oil
Flax Oil
Natural Humectants
Vegetable Glycerin
Honey
Agave Nectar
InPart 2I’ll share my experience using herbs for hair care with more information on how to use these natural ingredients for herbal hair cleansing for all hair types.
No More Chemical Hair Care - Part 2 - Herbal Hair Cleansers
No More Chemical Hair Care - Part 3 - Conditioners & Leave-Ins
No More Chemical Hair Care - Part 4 - Building A New Regimen
Image by D Sharon Pruitt
No More Chemical Hair Care - Part 2 - Herbal Hair Cleansers
Helpful Tips for Cutting Curly Hair
@mnmlistbeauty
SIMPLICITY
BEAUTY
FAITH
DIY
RECIPES
SHOP
ABOUT
CONTACT
simply grace.


Thank you!
Copyright 2021   Minimalist Beauty"
https://thefoundationblog.com/blog/naturalhaircare,"My Personal Clean(ish) Haircare Routine
Last week I hopped on for a little Instagram Q&A goodness…and WOW I was shocked by how many hair-related questions there were:
“I swear your hair grows so fast??? How???”
“I swear your hair grows so fast??? How???”
“More tips on how you go so long between hair washes”
“More tips on how you go so long between hair washes”
“Any natural shampoo recs?”
“Any natural shampoo recs?”
“What is your hair routine?”
“What is your hair routine?”
And finally, “Would you ever write a natural haircare blog post?”
And finally, “Would you ever write a natural haircare blog post?”
Okay, okay—I hear ya, I hear ya! (NOTE: When I say I listen to your requests, Itruuuuulydo listen and love to give you the content you want!)
…But honestly? I was hesitant to write a post on clean haircare becaaaause:
I am not a hair guru whatsoever! I’m just an average gal who likes her hair healthy and lookin’ good…but like, Istillstruggle operating a curling iron almost 3 decades into life????
I am not a hair guru whatsoever! I’m just an average gal who likes her hair healthy and lookin’ good…but like, Istillstruggle operating a curling iron almost 3 decades into life????
Despite what people might expect, my haircare isn’t ~perfectly~ nontoxic (*audience gasps!*), but we’ll cover that in a minute. :)
Despite what people might expect, my haircare isn’t ~perfectly~ nontoxic (*audience gasps!*), but we’ll cover that in a minute. :)
I am verrrrrrrrry simple when it comes to my hair. Like most things in my life, I amnotinterested in a time-consuming, 83724983729-step routine. I prefer very few products(that work very well)and keeping it quick, easy, effortless…and effective!
I am verrrrrrrrry simple when it comes to my hair. Like most things in my life, I amnotinterested in a time-consuming, 83724983729-step routine. I prefer very few products(that work very well)and keeping it quick, easy, effortless…and effective!
Basically—I want my hair to look good and feel healthy with as little work as possible. :)Does that sound good to you? Then keep reading!

why you should consider upgrading your current haircare routine
Okay, hear me out—though my haircare may be simple, holy cow is itgood. My hair has TRANSFORMED over the last few years after making the switch to nontoxic products. I have always had healthy-ish hair. It was fine. It was good. It was normal hair…but now? My hair is SO healthy. It grows soooo freakishly fast (about one inch per month. seriously.) I can now go at least four days between washing my hair (I used to get greasy wayyyy faster). My hair color retains so much longer.…basically, in a nutshell, my hair has never been healthier.
And that is allllll thanks to saying buhbye of the incredibly toxic, synthetic drugstore shampoos and conditioners I was using. (Yes, even the “good” and “fancy” drugstore brands). I had no idea howbadthose are for your hair. These cheap products quite literally create alayerof buildup around each hair strand. (If you haven’t already looked up the “hair scrape test” on YouTube, do it. So gross.) These are mainly from synthetic silicones added to the shampoo/conditioner to make your hairfeelslick and soft, but in reality they are hydrophobic, meaning meaning they repel water. Why does this matter? Because when you wash hair, these silicones cling to hair and don't easily rinse off as they are repelling the water instead of dissolving in it. The end result is a layer of build-up surrounding each individual strand, creating a layer of gunk that inevitablyblockshealthy hair because nourishing ingredients and moisture can’t penetrate that layer of buildup and are unable to nourish the actual hair strand, resulting in hair that never feels truly “clean,” grows slowly, doesn’t retain color, gets greasy quickly, etc.
I had no idea about anyyyy of this, but once I switched to natural products, the difference was clear. I was getting rid of yeeeears of synthetic buildup, my hair wasfinallygetting what it needed, and it completely improved.  Ya know when your hair stylist would try to convince you to buy nice products, but you just thought they were being salesy? Nope. They were right.
Actual footage of me CONSTANTLY debating if I should chop my hair or keep growing it out. Ever since it started growing so fast, I have gotten WAAAAY more bold with constantly chopping it because I know it’ll grow back so fast, ha!Also, remember that time that I chopped 10 inches off my own hair on quarantine???? Goooood times.
my approach to natural haircare: it’snotabout perfection
The truth? I am a little less rigid on finding perfectly nontoxic haircare items than I am items that go directly on my skin or that I clean my house with. Why is this? Here’s how I think about it: deodorant, makeup, or body lotion isdirectlyapplied to your skinandtypically sits there for houuuuurs as you wear it, allowing it to be absorbed slowly and steadily on your skin throughout the day.
On the other hand, shampoo and conditioner are really only on your physical body for 3–5 minutes while you lather up…and then you rinse them out. This leaves less time for your body to absorb the potential toxins. While I still try verrrry hard to make my hair routine as naturally-based and pure as possible, it just seems a little less “high stakes” to me in the clean beauty world compared to products that I apply directly to my skin and wear for longer durations.
So yes, while I could technically wash my hair with plain Castile soap (tried it…nope) and do an apple cider vinegar rinse (also tried it…also nope), the truly 100% natural products like this didnotwork for me. While they were maybe less toxic, I wasn’t getting the results I was looking for whatsoever. My hair felt completely stripped of oil, my hair color was fading quickly, my hair was greasy. Just, nope.
Soooo with time, I decided I was willing have a little compromise in my haircare for products that are maybe not100%nontoxic but were more like 90ish% nontoxicandwork really, really well. They are still SO much better for my hair (and my health!) than the traditional drugstore brands I was using,and theyget the job done!

Soooo for me, it’s allllll about finding the best,mostnatural haircare options that *actually* work.
And the result is the following small (but mighty!) list of my haircare favs!
1. primally pure dry shampoo:
10/10 would recommend to a friend. Actually, scratch that. 15/10 would recommend to a friend. If you want to go longer between hair washes, look no further. This is a100% all-natural dry shampoothat truly gets rid of alllllll signs of oil/grease. I was a little hesitant to switch to a powder dry shampoo since I was so used to spray versions, but I have never looked back. It absorbs oil + grease so well and doesn’t give me that sticky gross feeling that my dry shampoo sprays would. Also, bonus! This is sooo amazing for texturizing hair and volume. I have very soft, fine hair and this product gives me that va-va-va-volume and texture that I love! Also, yet another bonus—I love it for traveling since it’s not a liquid and can be packed into my carry-on. Clearly, I’m obsessed. Highly recommend. (And whyyy not throw in another bonus:you can save 10% when you enter KATE10 at checkout!)
DRY SHAMPOO PRO TIP: Don’t wait until your hair is greasy to apply it! I put dry shampoo inon day 1of freshly washed hair. By gettingaheadof the grease, you can go sooo much longer between washes. This is one small tweak that will make such a difference if you struggle with oily hair!
2. this natural salt texturizing spray:
Remember how I said my hair is super fine and soft? In addition to the dry shampoo, I spraythis natural salt sprayafter I shower to add body, texture, and grip to my hair. I don’t know quite know how else to describe it, but if you want to liven up your hair and add texture, this is kind of like “salty beach hair” in a bottle, ha!I really like this product+ the pep it gives my locks. Also, that ingredient list—so pure! This is a pheeeeenom natural product.
4. my fav [mostly] clean shampoos and conditioners!
Alright, alright, alright (Matthew Mcconaughey voice). Below, I recapped 5 different options for clean(ish) shampoos and conditioners. Again, these are NOT fully 1000000% nontoxic (like doing an apple cider vinegar rinse, for example), but these are soooooo much cleaner than what you will see on the traditional market: naturally derived products, essential oils, pure soaps…. alllll the good stuff :)  I went through and listed these brands that I have experimented with (ranked in order) in terms of how well they work and how clean their ingredients are! Enjoy!
#1 Monat:Yup, really.As with every brand like this, some people LOVE it, some peoplehateit, but all I can do is speak frommy own experience, and I can gennnnnuinely say my hair has never grown faster, retained color better, or been healthier than frommonat products. The truth? I started using them literallllllly 3 years ago in 2017, but  have been a little embarrassed to tell all of you that I used this brand (ha! never want to be “that girl”). Buuuuut, since you guys have asked so much about what I use for my hair— I also want to be honest. and that means that,yes,I do use monat. *low key blushing and embarrassed* I personally first tried it because my hairstylist used it during my appointments, and my hair was always sooo soft whenever I left the salon. So, while that was my experience— is it for everyone? I don’t think so. I’ve seen some reviews online that some people haaaated it! I never want to give a “bad” recommendation, but again, all I can speak to is my own personal experience— and I can honestly tell you I’ve loved it. So, first things first, I want you to feel literally ZERO pressure to try them, but I thought it may be nice to read a review on the monat products from someone you know and trust :)  Again, I am just sharing my own experience and how this worked for my type of hair (straight, light brunette, quite thick, semi-rough texture). It may not be the right fit for you or your hair, and that’s perfectly okay (I have 4 other clean shampoos and conditioners listed below). Otherwise, I’ll just give you the basics on monat and break it down below becuase I know I was sooooo skeptical and had 3924802389 questions before I bought them, ha! Holla at me if you have ANY questions— I always want to be a resource for ya! Again, I’m just speaking about my experience and will give you as much info as I can— if it seems like a good fit, great! If not, I have 4 other natural shampoos/conditioners waiting for you below! I want you to find what works for YOU :)Here’s the basics on Monat:Okay, first thing that Ialwaysask: how clean are the ingredients? I was actually so impressed (and, um, surprised) by how quality Monat’s ingredients were in terms of being nontoxic. As you know, I am quite picky with the products I use—and I kind of expected Monat’s products to be “greenwashed” (AKA less clean than they were claiming). But actually, their ingredient list is verrrry rock-solid. While they aren’t perfect, they are a HECK of a lot better than the drugstore brands I was using and actually do a great job of using naturally-based ingredients.  Am I going to sit here and tell you it’s 100000% nontoxic and perfect? No. But, for how well they work, it is personally worth it to me that they are not 10000% nontoxic. Maybe for you, you want a cleaner option, even if it doesn’t work as well! For everyone it’ll be different! You do you! :)Alright, we have allllll heard it: “lather, rinse, repeat.” But, like ACTUALLY—this is the Monat washing technique. Monat secret is to shampoo TWICE. The theory behind this is that the first washremovesbuildup, and the seconddepositsthe good ingredients onto the hair. I thought that was a load of bologna at first and only washed once because I’m stubborn AF….. but eventually I started washing twice and was like oooooh, I get it. That is when the magic really happened. If you end up trying, I highly highly recommend washing twice!Going off of the washing technique, start small! You need waaaaay less product than your traditional shampoo/conditioner because the ingredients are so concentrated in these bad boys. What I do? put a quarter-size in my palms, add a touch of water, and really work it into a mini foam in between my hands before I put it in my hair to help it go far. Of note: monat is sulfate free (woot woot!), but with annnyyyyyy sulfate-free shampoo, you will not get the same foamy feeling (sulfates such as sodium lauryl sulfate and sodium laureth sulfate are what gives traditional shampoos allll of those suds). While going sulfate-free is sooo good for your health, you just have to prepare and adjust for a different sensory experience! Just know that the lack of lathering isnotan indication of effectiveness.The products last foreverrrrr.At least4 months for me (most of the time 6ish) because a little goes a long way. Also, these products allow me to go soooo long between washes so I am tangibly using less product because I am washing my hair less.I’m just call it how it is: their products are a bit more expensive than I had EVER spent on my hair (I was more of the $4 herbal essences kinda gal, you feel me????). Not going to lie, it was SO WEIRD to *invest* in my hair products for the first time. Like, I’m spending MORE than $10 on my shampoo????? But then I read that they had a 30-day money back guarantee if I didn’t like it…soooo I went for it, and YUP. I finally understood why people invest in their haircare.Lastly, it works. Holy cow, does it work. From my personal experience, it took my hair a few weeks to adjust (as that layer of old buildup on my hair was breaking down and washing out) and I wasn’t convinced I loved it, but once I transitioned, holy cow, my hair has never grown so quickly, been so soft, retained color so well. Again, this is justmyexperience. I know some people have HATED it, but personally 3 years in, I have had a great experience! Obviously, I’m not sure how it will react with you and your hair (we are all so different!), but I just wanted to share my positive experience in case you were curious about these products :)While I recommendtaking the Monat product quizto get the best choicesfor you, here are some of my fav Monat goodies:My ultimate favorite is the2-in-1 black shampoo and conditioner. Not only is it one of their cleanest shampoos on the EWG toxicology scales, but holy holy holy, I LOVE this product soooo much. If I could only use one hair shower product for the rest of my life, it would be this. Hands down. I totally recommend starting with this one item and seeing if you like it. It’s a shampoo and conditioner in one, and it makes my hair grow so fast and I love how energizing and refreshing the mint essential oil feels on my scalp. (I often don’t use a conditioner with this, but will put the tiiiiiiiiniest bit of thisleave-in conditionerin after the shower and it’s the perfect amount of moisture.)I also love thecolor-protecting shampooandconditioner for my brunette hair.This one scores as a 5 on the EWG toxiciology records so it’s not perfect— but since it allows me to go longer in between dying my hair, that seems sooo worth it! I incorporate this about once every 10 days or so just to upkeep my color.(They also have a blonde hair option!)Renew shampooand thesmooth conditioneris a classic, can’t go wrong option in my opinion. The renew will really help you moisturize and get rid of allll that buildup that was on their strands, and the smooth conditioner is just a classic, consistent, holy-cow-my-hair-is-so-soft option.The rejuveniqe oil…..wow. I use this as a scalp treatment weekly and this istheething that I contribute my fast growing hair too.  I used to always think that hairmasks should be alll about theendsof your hair, but actually healthy hair starts from the ROOT. By focusing on the scalp, I have noticed such a difference in my hair. All I do is just put a few dropper at my roots, rub it in, and let it sink in before washing with shampoo and conditioner. It smells like a dream and my hair so darn soft after. This is definitely more of a splurge, but wooooow, I hiiiiighy recommend this if you are looking to grow your hair out or just have shinier, healthier locks! Also, if you are growing your hair out—HIGHLY recommendthe rejuvabeads split end mender.It’s actually bananas how well this helps broken split ends.Wanna get your hands on it?Up to this point, I’ve just been recommending it to close loved ones (hi, mom and besties!), but I finally decided to share it with the whooole Foundation Blog crew, just in case you are looking for a new, natural-based shampoo to try out.And while I do know a few friends who are absolutely crushing it selling Monat… I, personally, am by no means trying to “make it” in Monat. I’m just a girl who wanted the 30% off discount on some v quality, naturally-based shampoo.Then, bonus! If someone is interested,  I just share my referral link (like right now *wink*). If they want it, great! I’ll get a little commission kick-back! But if not, no biggie. Because, believe me, my life’s work is not selling shampoo…I definitely wouldn’t be working so hard to get my doctorate if that was the case. ;)If you are interested, you cantake the quizto find out which products are best for you + your hair. There are different membership options that give ya discounts—I personally became a VIP (15% off) first and then a market partner (30% off) later on just so I could get cheaper product just for myself, but there is ZERO pressure to do either of those.You can just buy the products with no strings attached and enjoy!(Also…peep that 100% refund if you are not fully satisfied after 30 days). If you are gonna go for it (yay!), I would SO appreciate if you used my ID when you order if/when they ask for it (3984538). It doesn’t cost you a penny more, but you’re directly supporting The Foundation Blog, and I am truly grateful!
#1 Monat:Yup, really.As with every brand like this, some people LOVE it, some peoplehateit, but all I can do is speak frommy own experience, and I can gennnnnuinely say my hair has never grown faster, retained color better, or been healthier than frommonat products. The truth? I started using them literallllllly 3 years ago in 2017, but  have been a little embarrassed to tell all of you that I used this brand (ha! never want to be “that girl”). Buuuuut, since you guys have asked so much about what I use for my hair— I also want to be honest. and that means that,yes,I do use monat. *low key blushing and embarrassed* I personally first tried it because my hairstylist used it during my appointments, and my hair was always sooo soft whenever I left the salon. So, while that was my experience— is it for everyone? I don’t think so. I’ve seen some reviews online that some people haaaated it! I never want to give a “bad” recommendation, but again, all I can speak to is my own personal experience— and I can honestly tell you I’ve loved it. So, first things first, I want you to feel literally ZERO pressure to try them, but I thought it may be nice to read a review on the monat products from someone you know and trust :)  Again, I am just sharing my own experience and how this worked for my type of hair (straight, light brunette, quite thick, semi-rough texture). It may not be the right fit for you or your hair, and that’s perfectly okay (I have 4 other clean shampoos and conditioners listed below). Otherwise, I’ll just give you the basics on monat and break it down below becuase I know I was sooooo skeptical and had 3924802389 questions before I bought them, ha! Holla at me if you have ANY questions— I always want to be a resource for ya! Again, I’m just speaking about my experience and will give you as much info as I can— if it seems like a good fit, great! If not, I have 4 other natural shampoos/conditioners waiting for you below! I want you to find what works for YOU :)
Here’s the basics on Monat:
Okay, first thing that Ialwaysask: how clean are the ingredients? I was actually so impressed (and, um, surprised) by how quality Monat’s ingredients were in terms of being nontoxic. As you know, I am quite picky with the products I use—and I kind of expected Monat’s products to be “greenwashed” (AKA less clean than they were claiming). But actually, their ingredient list is verrrry rock-solid. While they aren’t perfect, they are a HECK of a lot better than the drugstore brands I was using and actually do a great job of using naturally-based ingredients.  Am I going to sit here and tell you it’s 100000% nontoxic and perfect? No. But, for how well they work, it is personally worth it to me that they are not 10000% nontoxic. Maybe for you, you want a cleaner option, even if it doesn’t work as well! For everyone it’ll be different! You do you! :)
Okay, first thing that Ialwaysask: how clean are the ingredients? I was actually so impressed (and, um, surprised) by how quality Monat’s ingredients were in terms of being nontoxic. As you know, I am quite picky with the products I use—and I kind of expected Monat’s products to be “greenwashed” (AKA less clean than they were claiming). But actually, their ingredient list is verrrry rock-solid. While they aren’t perfect, they are a HECK of a lot better than the drugstore brands I was using and actually do a great job of using naturally-based ingredients.  Am I going to sit here and tell you it’s 100000% nontoxic and perfect? No. But, for how well they work, it is personally worth it to me that they are not 10000% nontoxic. Maybe for you, you want a cleaner option, even if it doesn’t work as well! For everyone it’ll be different! You do you! :)
Alright, we have allllll heard it: “lather, rinse, repeat.” But, like ACTUALLY—this is the Monat washing technique. Monat secret is to shampoo TWICE. The theory behind this is that the first washremovesbuildup, and the seconddepositsthe good ingredients onto the hair. I thought that was a load of bologna at first and only washed once because I’m stubborn AF….. but eventually I started washing twice and was like oooooh, I get it. That is when the magic really happened. If you end up trying, I highly highly recommend washing twice!
Alright, we have allllll heard it: “lather, rinse, repeat.” But, like ACTUALLY—this is the Monat washing technique. Monat secret is to shampoo TWICE. The theory behind this is that the first washremovesbuildup, and the seconddepositsthe good ingredients onto the hair. I thought that was a load of bologna at first and only washed once because I’m stubborn AF….. but eventually I started washing twice and was like oooooh, I get it. That is when the magic really happened. If you end up trying, I highly highly recommend washing twice!
Going off of the washing technique, start small! You need waaaaay less product than your traditional shampoo/conditioner because the ingredients are so concentrated in these bad boys. What I do? put a quarter-size in my palms, add a touch of water, and really work it into a mini foam in between my hands before I put it in my hair to help it go far. Of note: monat is sulfate free (woot woot!), but with annnyyyyyy sulfate-free shampoo, you will not get the same foamy feeling (sulfates such as sodium lauryl sulfate and sodium laureth sulfate are what gives traditional shampoos allll of those suds). While going sulfate-free is sooo good for your health, you just have to prepare and adjust for a different sensory experience! Just know that the lack of lathering isnotan indication of effectiveness.
Going off of the washing technique, start small! You need waaaaay less product than your traditional shampoo/conditioner because the ingredients are so concentrated in these bad boys. What I do? put a quarter-size in my palms, add a touch of water, and really work it into a mini foam in between my hands before I put it in my hair to help it go far. Of note: monat is sulfate free (woot woot!), but with annnyyyyyy sulfate-free shampoo, you will not get the same foamy feeling (sulfates such as sodium lauryl sulfate and sodium laureth sulfate are what gives traditional shampoos allll of those suds). While going sulfate-free is sooo good for your health, you just have to prepare and adjust for a different sensory experience! Just know that the lack of lathering isnotan indication of effectiveness.
The products last foreverrrrr.At least4 months for me (most of the time 6ish) because a little goes a long way. Also, these products allow me to go soooo long between washes so I am tangibly using less product because I am washing my hair less.
The products last foreverrrrr.At least4 months for me (most of the time 6ish) because a little goes a long way. Also, these products allow me to go soooo long between washes so I am tangibly using less product because I am washing my hair less.
I’m just call it how it is: their products are a bit more expensive than I had EVER spent on my hair (I was more of the $4 herbal essences kinda gal, you feel me????). Not going to lie, it was SO WEIRD to *invest* in my hair products for the first time. Like, I’m spending MORE than $10 on my shampoo????? But then I read that they had a 30-day money back guarantee if I didn’t like it…soooo I went for it, and YUP. I finally understood why people invest in their haircare.
I’m just call it how it is: their products are a bit more expensive than I had EVER spent on my hair (I was more of the $4 herbal essences kinda gal, you feel me????). Not going to lie, it was SO WEIRD to *invest* in my hair products for the first time. Like, I’m spending MORE than $10 on my shampoo????? But then I read that they had a 30-day money back guarantee if I didn’t like it…soooo I went for it, and YUP. I finally understood why people invest in their haircare.
Lastly, it works. Holy cow, does it work. From my personal experience, it took my hair a few weeks to adjust (as that layer of old buildup on my hair was breaking down and washing out) and I wasn’t convinced I loved it, but once I transitioned, holy cow, my hair has never grown so quickly, been so soft, retained color so well. Again, this is justmyexperience. I know some people have HATED it, but personally 3 years in, I have had a great experience! Obviously, I’m not sure how it will react with you and your hair (we are all so different!), but I just wanted to share my positive experience in case you were curious about these products :)While I recommendtaking the Monat product quizto get the best choicesfor you, here are some of my fav Monat goodies:My ultimate favorite is the2-in-1 black shampoo and conditioner. Not only is it one of their cleanest shampoos on the EWG toxicology scales, but holy holy holy, I LOVE this product soooo much. If I could only use one hair shower product for the rest of my life, it would be this. Hands down. I totally recommend starting with this one item and seeing if you like it. It’s a shampoo and conditioner in one, and it makes my hair grow so fast and I love how energizing and refreshing the mint essential oil feels on my scalp. (I often don’t use a conditioner with this, but will put the tiiiiiiiiniest bit of thisleave-in conditionerin after the shower and it’s the perfect amount of moisture.)I also love thecolor-protecting shampooandconditioner for my brunette hair.This one scores as a 5 on the EWG toxiciology records so it’s not perfect— but since it allows me to go longer in between dying my hair, that seems sooo worth it! I incorporate this about once every 10 days or so just to upkeep my color.(They also have a blonde hair option!)Renew shampooand thesmooth conditioneris a classic, can’t go wrong option in my opinion. The renew will really help you moisturize and get rid of allll that buildup that was on their strands, and the smooth conditioner is just a classic, consistent, holy-cow-my-hair-is-so-soft option.The rejuveniqe oil…..wow. I use this as a scalp treatment weekly and this istheething that I contribute my fast growing hair too.  I used to always think that hairmasks should be alll about theendsof your hair, but actually healthy hair starts from the ROOT. By focusing on the scalp, I have noticed such a difference in my hair. All I do is just put a few dropper at my roots, rub it in, and let it sink in before washing with shampoo and conditioner. It smells like a dream and my hair so darn soft after. This is definitely more of a splurge, but wooooow, I hiiiiighy recommend this if you are looking to grow your hair out or just have shinier, healthier locks! Also, if you are growing your hair out—HIGHLY recommendthe rejuvabeads split end mender.It’s actually bananas how well this helps broken split ends.Wanna get your hands on it?Up to this point, I’ve just been recommending it to close loved ones (hi, mom and besties!), but I finally decided to share it with the whooole Foundation Blog crew, just in case you are looking for a new, natural-based shampoo to try out.And while I do know a few friends who are absolutely crushing it selling Monat… I, personally, am by no means trying to “make it” in Monat. I’m just a girl who wanted the 30% off discount on some v quality, naturally-based shampoo.Then, bonus! If someone is interested,  I just share my referral link (like right now *wink*). If they want it, great! I’ll get a little commission kick-back! But if not, no biggie. Because, believe me, my life’s work is not selling shampoo…I definitely wouldn’t be working so hard to get my doctorate if that was the case. ;)If you are interested, you cantake the quizto find out which products are best for you + your hair. There are different membership options that give ya discounts—I personally became a VIP (15% off) first and then a market partner (30% off) later on just so I could get cheaper product just for myself, but there is ZERO pressure to do either of those.You can just buy the products with no strings attached and enjoy!(Also…peep that 100% refund if you are not fully satisfied after 30 days). If you are gonna go for it (yay!), I would SO appreciate if you used my ID when you order if/when they ask for it (3984538). It doesn’t cost you a penny more, but you’re directly supporting The Foundation Blog, and I am truly grateful!
Lastly, it works. Holy cow, does it work. From my personal experience, it took my hair a few weeks to adjust (as that layer of old buildup on my hair was breaking down and washing out) and I wasn’t convinced I loved it, but once I transitioned, holy cow, my hair has never grown so quickly, been so soft, retained color so well. Again, this is justmyexperience. I know some people have HATED it, but personally 3 years in, I have had a great experience! Obviously, I’m not sure how it will react with you and your hair (we are all so different!), but I just wanted to share my positive experience in case you were curious about these products :)
While I recommendtaking the Monat product quizto get the best choicesfor you, here are some of my fav Monat goodies:
My ultimate favorite is the2-in-1 black shampoo and conditioner. Not only is it one of their cleanest shampoos on the EWG toxicology scales, but holy holy holy, I LOVE this product soooo much. If I could only use one hair shower product for the rest of my life, it would be this. Hands down. I totally recommend starting with this one item and seeing if you like it. It’s a shampoo and conditioner in one, and it makes my hair grow so fast and I love how energizing and refreshing the mint essential oil feels on my scalp. (I often don’t use a conditioner with this, but will put the tiiiiiiiiniest bit of thisleave-in conditionerin after the shower and it’s the perfect amount of moisture.)
My ultimate favorite is the2-in-1 black shampoo and conditioner. Not only is it one of their cleanest shampoos on the EWG toxicology scales, but holy holy holy, I LOVE this product soooo much. If I could only use one hair shower product for the rest of my life, it would be this. Hands down. I totally recommend starting with this one item and seeing if you like it. It’s a shampoo and conditioner in one, and it makes my hair grow so fast and I love how energizing and refreshing the mint essential oil feels on my scalp. (I often don’t use a conditioner with this, but will put the tiiiiiiiiniest bit of thisleave-in conditionerin after the shower and it’s the perfect amount of moisture.)
I also love thecolor-protecting shampooandconditioner for my brunette hair.This one scores as a 5 on the EWG toxiciology records so it’s not perfect— but since it allows me to go longer in between dying my hair, that seems sooo worth it! I incorporate this about once every 10 days or so just to upkeep my color.(They also have a blonde hair option!)
I also love thecolor-protecting shampooandconditioner for my brunette hair.This one scores as a 5 on the EWG toxiciology records so it’s not perfect— but since it allows me to go longer in between dying my hair, that seems sooo worth it! I incorporate this about once every 10 days or so just to upkeep my color.(They also have a blonde hair option!)
Renew shampooand thesmooth conditioneris a classic, can’t go wrong option in my opinion. The renew will really help you moisturize and get rid of allll that buildup that was on their strands, and the smooth conditioner is just a classic, consistent, holy-cow-my-hair-is-so-soft option.
Renew shampooand thesmooth conditioneris a classic, can’t go wrong option in my opinion. The renew will really help you moisturize and get rid of allll that buildup that was on their strands, and the smooth conditioner is just a classic, consistent, holy-cow-my-hair-is-so-soft option.
The rejuveniqe oil…..wow. I use this as a scalp treatment weekly and this istheething that I contribute my fast growing hair too.  I used to always think that hairmasks should be alll about theendsof your hair, but actually healthy hair starts from the ROOT. By focusing on the scalp, I have noticed such a difference in my hair. All I do is just put a few dropper at my roots, rub it in, and let it sink in before washing with shampoo and conditioner. It smells like a dream and my hair so darn soft after. This is definitely more of a splurge, but wooooow, I hiiiiighy recommend this if you are looking to grow your hair out or just have shinier, healthier locks! Also, if you are growing your hair out—HIGHLY recommendthe rejuvabeads split end mender.It’s actually bananas how well this helps broken split ends.
The rejuveniqe oil…..wow. I use this as a scalp treatment weekly and this istheething that I contribute my fast growing hair too.  I used to always think that hairmasks should be alll about theendsof your hair, but actually healthy hair starts from the ROOT. By focusing on the scalp, I have noticed such a difference in my hair. All I do is just put a few dropper at my roots, rub it in, and let it sink in before washing with shampoo and conditioner. It smells like a dream and my hair so darn soft after. This is definitely more of a splurge, but wooooow, I hiiiiighy recommend this if you are looking to grow your hair out or just have shinier, healthier locks! Also, if you are growing your hair out—HIGHLY recommendthe rejuvabeads split end mender.It’s actually bananas how well this helps broken split ends.
Wanna get your hands on it?
Up to this point, I’ve just been recommending it to close loved ones (hi, mom and besties!), but I finally decided to share it with the whooole Foundation Blog crew, just in case you are looking for a new, natural-based shampoo to try out.
Up to this point, I’ve just been recommending it to close loved ones (hi, mom and besties!), but I finally decided to share it with the whooole Foundation Blog crew, just in case you are looking for a new, natural-based shampoo to try out.
And while I do know a few friends who are absolutely crushing it selling Monat… I, personally, am by no means trying to “make it” in Monat. I’m just a girl who wanted the 30% off discount on some v quality, naturally-based shampoo.Then, bonus! If someone is interested,  I just share my referral link (like right now *wink*). If they want it, great! I’ll get a little commission kick-back! But if not, no biggie. Because, believe me, my life’s work is not selling shampoo…I definitely wouldn’t be working so hard to get my doctorate if that was the case. ;)
And while I do know a few friends who are absolutely crushing it selling Monat… I, personally, am by no means trying to “make it” in Monat. I’m just a girl who wanted the 30% off discount on some v quality, naturally-based shampoo.Then, bonus! If someone is interested,  I just share my referral link (like right now *wink*). If they want it, great! I’ll get a little commission kick-back! But if not, no biggie. Because, believe me, my life’s work is not selling shampoo…I definitely wouldn’t be working so hard to get my doctorate if that was the case. ;)
If you are interested, you cantake the quizto find out which products are best for you + your hair. There are different membership options that give ya discounts—I personally became a VIP (15% off) first and then a market partner (30% off) later on just so I could get cheaper product just for myself, but there is ZERO pressure to do either of those.You can just buy the products with no strings attached and enjoy!(Also…peep that 100% refund if you are not fully satisfied after 30 days). If you are gonna go for it (yay!), I would SO appreciate if you used my ID when you order if/when they ask for it (3984538). It doesn’t cost you a penny more, but you’re directly supporting The Foundation Blog, and I am truly grateful!
If you are interested, you cantake the quizto find out which products are best for you + your hair. There are different membership options that give ya discounts—I personally became a VIP (15% off) first and then a market partner (30% off) later on just so I could get cheaper product just for myself, but there is ZERO pressure to do either of those.You can just buy the products with no strings attached and enjoy!(Also…peep that 100% refund if you are not fully satisfied after 30 days). If you are gonna go for it (yay!), I would SO appreciate if you used my ID when you order if/when they ask for it (3984538). It doesn’t cost you a penny more, but you’re directly supporting The Foundation Blog, and I am truly grateful!
#2Rahua:Okay, moving onto non-monat brands because there are other great options out there, and I’m gonna dig into ones I have personal experience with! :) Rahua isa fannnnntastic haircare option. I liked it and used it consistently before Monat. I would say this brand felt like my old shampoo and conditioner—it did the job, worked well, and I was happy with it!  If I didn’t love Monat so much, I probably would’ve stuck with this brand (I feel like Monat activelyimprovesmy hair, while this brand more so kept my hair same-old, same-old status quo instead of transforming it). Also, the reason this gets one of the top ranks here: it performs sooo well on the EWG toxicology scales and has beautiful, nontoxic ingredients. Overall, a great option for clean haircare! Enjoy!
#2Rahua:Okay, moving onto non-monat brands because there are other great options out there, and I’m gonna dig into ones I have personal experience with! :) Rahua isa fannnnntastic haircare option. I liked it and used it consistently before Monat. I would say this brand felt like my old shampoo and conditioner—it did the job, worked well, and I was happy with it!  If I didn’t love Monat so much, I probably would’ve stuck with this brand (I feel like Monat activelyimprovesmy hair, while this brand more so kept my hair same-old, same-old status quo instead of transforming it). Also, the reason this gets one of the top ranks here: it performs sooo well on the EWG toxicology scales and has beautiful, nontoxic ingredients. Overall, a great option for clean haircare! Enjoy!
#3Innersense:This brand also worked pretty well for me, but it didn’t rank as well on the EWG toxicology scales as Monat and Rahua, so that’s why it didn’t get the top spots. Remember the goal: as nontoxicas possiblewhile still getting the job done. This got the job done, but wasn’t *as* clean as the two brands I’ve listed! It’s still muuuuch better than your traditional drugstore shampoo and is a great option to consider!
#3Innersense:This brand also worked pretty well for me, but it didn’t rank as well on the EWG toxicology scales as Monat and Rahua, so that’s why it didn’t get the top spots. Remember the goal: as nontoxicas possiblewhile still getting the job done. This got the job done, but wasn’t *as* clean as the two brands I’ve listed! It’s still muuuuch better than your traditional drugstore shampoo and is a great option to consider!
#4Trader joe’s tea tree shampoo:This is a GREAT cheaper option! It’s a bit more drying than the previous brands I’ve mentioned, but for its price point it’s a good option. This is what Adam uses for his hair! I  looove how “fresh” this feels—the tea tree and peppermint feel so invigorating on the scalp. In a nutshell, there are much better options for your hair health, but I personally haven’t found any better options at this price point.
#4Trader joe’s tea tree shampoo:This is a GREAT cheaper option! It’s a bit more drying than the previous brands I’ve mentioned, but for its price point it’s a good option. This is what Adam uses for his hair! I  looove how “fresh” this feels—the tea tree and peppermint feel so invigorating on the scalp. In a nutshell, there are much better options for your hair health, but I personally haven’t found any better options at this price point.
#5Dr. Bronner’s:Another option for a less expensive price point. This is what I used for a while as a shampoo. It was fine, but I felt it stripped the natural oils in my hair and didn’tnourishmy hair like a nicer shampoo would. A lot of people swear by this, but I personally found it a bit harsh. While this wasn’t my favorite, it did last foreverrrrr and is multi-use(even though I don’t use it for my shampoo anymore, I do still use the almond scent as my body wash!).
#5Dr. Bronner’s:Another option for a less expensive price point. This is what I used for a while as a shampoo. It was fine, but I felt it stripped the natural oils in my hair and didn’tnourishmy hair like a nicer shampoo would. A lot of people swear by this, but I personally found it a bit harsh. While this wasn’t my favorite, it did last foreverrrrr and is multi-use(even though I don’t use it for my shampoo anymore, I do still use the almond scent as my body wash!).
Liiiike, I’m not kidding—my hair grows SO. FAST. since switching to monat products. This is one year of growth….
4. my best-kept hair secret, collagen:
Mmmmm, if you’ve been reading TFB for awhile—it’s no secret I am obsessed withcollagen.
Before I get into its hair-growing superpowers, lemme tell ya about all the other phenomenal stuff it does for your body. Collagen is GREAT for your gut, joints, hair, and nails. It is a unique protein that is mega helpful in terms of connective tissue (think elasticity and flexibility). This is particularly beneficial for your joints and gut…but alllllllsooooo for the fun things like having youthful + plump skin, fast-growing hair, and long + strong nails.
I first bought collagen in September of 2017 annnnd, wow. My hair. My eyelashes. My nails. They have all grown so fast and so strong since regularly incorporating collagen into my diet. I mix it into my morning coffee/matcha every morning, and that seems to do the trick!. So easy and has such an impact on hair health…it is absolutely crazy what your body can do when you give it the right tools. My favorite brand of collagen isthis one!Many collagen brands have a kind of weird flavor, butthis onedissolves sooo well and is truly tasteless!
5. My fav ways to style my hair:
Most days, I am just a throw a headband in or toss it up into a pony gal. But on the days where I do want to do a lil somethin’ somethin’, I use this straightener. I use it for both straighteningandcurling my hair. And, if you’re one of my fellow straight-haired girls that have their curls fall out after 2 hours, PLEASE considerthis flat iron. I spent years convinced that my hair was just not meant to curl—then I went down a YouTube + Google rabbit hole and sawthis straightenermentioned a few times for curling straight hair. The reviews drew me in, I purchased on Black Friday, and I love. it. My curls will last 2–3 days now when they used to last 2–3 hours. Definitely an investment, but I 1000000% put my stamp of approval on it! Enjoy!).  Another way I loooooove to style my hair (with no heat!) is by wrapping my damp hair around my bathrobe tie before bed (yes, really…..).I made a lil tutorial video here that you can watch.It’s SO easy and such a fun way to add curls to your hair with zero damage involved :)
6. I mean, you knew I was going to say this…. *wink*
It just wouldn’t be the foundation blog, if I didn’t remind you that alllllll external beauty things start with our internal state. The state of our skin, our hair…. it often starts with how we are nourishing ourselves, hydration, managing stress, and taking care of ourselves.
We gotta start with the fundamentals.
I know it’s so easy to skip this step and go straight to the secret hacks and special products and whatnot, but never underestimate the power of this simple, foundational choice: eat real, whole food + drink a boatload of water, and watch your body transform.  If you want to see your hair transform, first focus on simply nourishing your body with whole, pure food, eating healthy fats, having good proteins, and you’ll find that your appearance (and hair) will follow suit. I firmly, firmly believe that our external transformations happen first internally (physically, mentally, and emotionally). *Steps off Foundation Blog soap box*

now…. one last thing before you go.long hair kate or short hair kate??? 😆
Lololol forever making you all vote onInstagramfor the long hair / short hair debate. Do you agree with this result?

to wrap it up:
Okay, there ya have it! My tried + true hair products—products that are as cleanas possible,buthaveto get the job done. While I know Icoulduse 100% natural and pure haircare, they were not jiving with my hair whatsoever. By giving myself a little grace, I’m almost 3 years into my 90ish% natural, pure haircare and the results areunreal.
With all things nontoxic beauty, I’m a FIRM believer that any change is better than nothing. It’s OK to start small! You don’t have to be perfect on day 1! I just wanted to remind you that cleaning up your beauty products does not have to be an overwhelming all-or-nothing journey whatsoever, and it’s okay to start small—because every little change that you make, every single toxic chemical you eliminate, every product upgradedoesmake a cumulative difference for your health. Soooo I just wanted to give you permission that one by one, gradually, and gracefully youcanclean up your products—and that includes your haircare. :)
I hope this post helped you be less intimated by clean haircare + will nudge you further towards the hair of your dreeeeeams. :) Enjoy, beautiful! (Okay, one last thing: What topic would you like me to cover next? Comment below! As I mentioned at the beginning of this post, I truuuuly listen to the topics that get recommended, and I’d LOVE to hear from you, friend!)
have a few more minutes of reading time?
here are some more posts for y-o-u!

peek at My FAVORITE ItemS
secret posts + freebies
THE FOUNDATION BLOG SHOP
DISCLAIMER: The information, including but not limited to, text, graphics, images and other material contained on this website are for informational purposes only. No material on this site is intended to be a substitute for professional medical advice, diagnosis or treatment. Always seek the advice of your physician or other qualified health care provider with any questions you may have regarding a medical condition or treatment and before undertaking a new health care regimen, and never disregard professional medical advice or delay in seeking it because of something you have read or heard from this resource.
Terms & ConditionsGroup Health Coaching & Course AgreementPrivacy Policy"
https://www.hairholistic.ca/blogs/blog,"Earn points with each order!
Shop Scalpcare →
The foundation of healthy hair.
Shop Best Sellers →
Shop All Natural Bodycare →
Award winning clean beauty.
Shop Scalpcare →
The foundation of healthy hair.
Shop Best Sellers →
Shop All Natural Bodycare →
Award winning clean beauty.
Featured Blog
What to Expect When Switching to Professional, Clean Haircare
By Hair Holistic
So you've tried a couple ""clean"" shampoos and they sucked. We feel you. That's why we're sharing some wisdom from our experts about what to expect when moving away from...
Stylist Tips
Everything You Need to Know About Hair Loss
Read on to discover everything you need to know about what causes hair loss, how to reverse them, available hair loss treatments, and the most common question I get - what supplements actually work.
Ultimate Guide: Hair Buildup, and How to Detox your Hair
Hair buildup is one of the most common scalp and hair conditions but don’t worry, it’s easy to remove, and even prevent. Discover everything you need to know about hair and scalp buildup, how to avoid it and what to do if you have it.
Elevate Your Haircare: Boar Bristle Brushes 101
A boar bristle hair brush is a lifelong investment for a healthy hair and scalp. Discover everything you need to know about how to use a boar bristle hairbrush, who it's for and what it does.
Fall Essentials for Healthy Hair
By Diana Osborne
As the seasons change, our hair and scalp also undergo shifts in what they need. Read on to make sure that your haircare routine is ready for fall.
The Story of Diana Osborne and Hair Holistic
By Diana Osborne
Diana Osborne tells the story first hand of how Hair Holistic came to be, from small beginnings in Alberta, to a health crisis, and opening the business of her dreams.
5 Ideas for a Sustainable Holiday Season
By Diana Osborne
I absolutely love December, the lights, the energy, and the decorations give me so much joy, but one thing I've always struggled with is the impact on the environment. This...
5 Simple Ways to Make the Most of Your Products
By Hair Holistic
You've purchased the products you know are going to be great for your hair... and now you're at home hoping you can get the best result possible. Don't worry, it's...
Detox Your Haircare: Dry Shampoo Edition
By Hair Holistic
Toxins in self care products have been in the news again lately, with dry shampoo at the top of the watch list. Don't worry, we've got you! In this month's...
Brand Feature: Charlie Paisley
By Hair Holistic
Meet Charlie Paisley, a slow fashion brand that is focused on creating a new sustainable standard for accessories. All their products are handmade in Vancouver, Canada from naturally derived, biodegradable, remnant...
5 Tips for Curls in the Summer
By Hair Holistic
Summer time! The world is lush, we're soaking up the sun and... the humidity is maybe making your curl routine a little more challenging. Today, we're giving 5 different (and...
Get Amazing Hair While You Sleep
By Hair Holistic
So you've mastered your hair routine for the daytime; you have your wash routine, products and styling down pat. The next thing you might be thinking about is, how should...
Should I Change My Shampoo for Summer?
By Hair Holistic
There's a lot of discussion in the skincare world when the seasons change. But what about your scalp and hair? Does humidity change what we should be using? Should we...
A Guide to Travel Haircare Essentials
By Hair Holistic
Our team has started travelling which has prompted many to ask... ""what does a hairstylist pack for travel?"". We've rounded up our travel collection to make maintaining amazing hair on...
Brand Feature: Doreen of Neero & Ana
By Hair Holistic
We're excited to share the story of Doreen, and Neero & Ana, the nature inspired pillowcases we stock here at Hair Holistic. They're made from plant cellulose, and amazing for...
Is Bone Broth Good for Hair Growth?
By Hair Holistic
Bone broth is a rich source of collagen and other proteins, healthy fats, as well as minerals and vitamins, and all together provide the body with a ton of nourishment....
Brand Feature: Amy Hamilton, High-End Hippie Wellness
By Hair Holistic
We are so passionate about the brands we carry, many of them small businesses themselves, that we thought it would be cool to share their stories! We will be featuring...
Why You Need to Wash Your Hair More
By Hair Holistic
We know there have been a lot of conversations the last couple years that have talked about shampoo being “harsh” or “drying” and we’re here to tell you that may...
Herbal Teas for Healthier Hair
By Hair Holistic
Teas for Healthy Hair! We’ve complied a list of herbs that we believe promotes healthier hair, as a result of general well-being and health. Learn about herbal blends that can...
Natural Haircare for Fine Hair
By Hair Holistic
All you need to know about fine hair! We created these collections to help you create a custom haircare routine that targets your specific needs. This collection is for those...
NEWSLETTER
Join our community! Subscribe to get special offers, and expert tips directly to your inbox.
This site is protected by hCaptcha and the hCaptchaPrivacy PolicyandTerms of Serviceapply.
SUPPORT
Shipping
U.S. Customers
Returns
Account
Contact
PRO Education
ABOUT US
Our Story
Rewards Program
Affiliate Program
Carefully researched and curated by licensed Hairstylist, Diana Osborne, this is your destination for holistic hair care. Proudly woman owned and Canadian.
The area our business stands on is the traditional land of many nations including the Mississaugas of the Credit, the Anishnabeg, the Chippewa, the Haudenosaunee and the Wendat peoples and is now home to many diverse First Nations, Inuit and Métis peoples. We also acknowledge that Toronto is covered by Treaty 13 with the Mississaugas of the Credit. Today, this meeting place is still the home to many Indigenous people from across Turtle Island and we are grateful to have the opportunity to live and work on this land.
© Hair Holistic  2025.Experience byArq.
Privacy Policy
Terms of Service
Refund Policy
Powered by Shopify
Cart

Your Cart is Empty"
https://bloggers.feedspot.com/hair_care_blogs/,"Home
BLOG DATABASE
EXPORT BLOG CONTACTS
BLOG READER
Select Page
Home
INFLUENCERS DATABASE
FOR CREATORS
Get 250k Blogs with email contacts.Export Full Database
Home
Hair
Hair Care Blogs
Request Blogs Contacts
Export Contact List
70 Best Hair Care Blogs and Websites in 2025
Hair Care Blogs
All
Recency
Domain Authority
Twitter Followers
Facebook Followers
Here are 70 Best Hair Care Blogs you should read and follow in 2025. Subscribe in one place onFeedSpot Reader.
1.Hairlicious Inc.
Bloghttps://www.hairliciousinc.com/+ Follow BlogA healthy hair care blog dedicated to educating women on healthy hair care practices, tips, and tricks for relaxed and natural hair!Email****@gmail.comTwitter3.6KInstagram58.2KDomain Authority36Read NowGet Email ContactGet Popular Blogs Contact listGet access to 250k active Blogs in 1500 niche categories.Get niche category blogs contact list at your fingertips so you can focus on running your campaign.Email us the category of blogs you want to reach out atanuj@feedspot.comCopy email. We'll share blogs list with verified email contacts in an Excel or CSV format.Email us
2.My Hair Care Blog
Bloghttps://www.myhaircare.com.au/blog/+ Follow BlogA Blog about hair care and beauty with hair care products.Email****@myhaircare.com.auFacebook13.9KTwitter2.7KDomain Authority40Read NowGet Email Contact
3.Hair Care Square
Bloghttps://haircaresquare.com/+ Follow BlogHair blog where I share natural hair hacks, hair transformation journeys, and realistic solutions to real hair problems. Being a daughter of an Ayurvedic Doctor, I believe for every hair problem there is a natural solution. I have had my fair share of hair problems that I treated with natural remedies. I will help you solve yours too. That's why I have created this hair blog for every hair lover to achieve his hair goals.MOREEmail****@gmail.comFacebook1.7KDomain Authority59Read NowGet Email Contact
4.Olaplex Blog
Bloghttps://olaplex.com/blogs/news/+ Follow BlogHair stories from the Olaplex Team. Today OLAPLEX is one of the largest independent hair care brands in the world with over 100 worldwide patents. Through a grassroots approach, the brand quickly became a global sensation, paving the way for a completely new category of haircare called 'bond-building'.MOREEmail****@olaplex.comFacebook1.4MTwitter25.7KDomain Authority59Read NowGet Email Contact
5.Bauman Medical Group News
Bloghttps://www.baumanmedical.com/news/+ Follow BlogAt Bauman Medical Group, Dr. Alan Bauman, M.D. and his medical team have been dedicated to providing exceptional hair transplant results and high-quality medical care to those with hair loss since '97. Our mission is to help people look good and feel great by helping them enhance, maintain and restore their own living and growing hair. State-of-the-art hair loss diagnosis, treatments and trackingMOREEmail****@me.comFacebook20.6KTwitter1.6KDomain Authority51Read NowGet Email Contact
6.Posh Beauty Blog
Bloghttps://www.poshbeautyblog.com/hair/?tag=hair..+ Follow BlogPosh Beauty Blog is a beauty blog that offers makeup, skin care, hair care, nail care tips along with the latest in fashion. You will get information on healthy hair diet with hair care tips, tools and products.MOREEmail****@poshbeautyblog.comFacebook6KTwitter40.2KInstagram23.1KDomain Authority33Read NowGet Email Contact
7.Sitting Pretty Halo Hair Blog
Bloghttps://www.sittingprettyhalohair.com/blogs/news+ Follow BlogGet the latest tips, tricks and news about hair extensions, hair growth hacks and more. Click here to read the Sitting Pretty Halo Hair Extensions blog. We try our best to keep you informed.Email****@sittingprettyhalohair.comFacebook20.7KTwitter32Instagram76.7KDomain Authority34Read NowGet Email Contact
8.Prose Blog
Bloghttps://prose.com/blog/+ Follow BlogThe Prose blog is here to educate on all things hair - from new ingredient research to the next big hair color trend to inspiration looks and tips from the pros. We know one size fits none. So we re-thought the entire model of mass beauty to create haircare that's one-in-a-million. It's a radically custom approach: we create products that fit you alone, combining lab innovation, natural ingredients, and proven performance to create truly personal care.MOREFacebook40.6KTwitter1.9KInstagram430.3KDomain Authority49Read NowGet Email Contact
9.Neal & Wolf Blog
Bloghttps://www.nealandwolf.com/blogs/posts+ Follow BlogA professional haircare range that combines the ultimate in product excellence with the ultimate in glamour. Follow to get updates.Email****@salonpromotions.co.ukFacebook49.5KTwitter11KInstagram27.2KDomain Authority32Read NowGet Email Contact
10.LisaLise Blog
Bloghttps://www.lisalise.com/shopblog+ Follow BlogLisaLise creates skin and hair care products using plant-based ingredients.Email****@lisalise.comInstagram13KDomain Authority19Read NowGet Email Contact
11.Hype Hair
Bloghttps://hypehair.com/+ Follow BlogHype Hair Magazine is the number one source for black hair, style, and beauty news. Find your hairspiration with the latest black hairstyles, beauty tips, and expert advice. We showcase the hottest hair looks and beauty trends that enable you to be on the cutting edge of today's fashion-savvy styles. We are and will continue to be the 'go-to' magazine you can rely on for information about the best hair and beauty products to buy and try.MOREEmail****@hypehair.comFacebook332.8KTwitter15.6KInstagram145KDomain Authority52Read NowGet Email Contact
12.Holleewood Hair
Bloghttps://www.holleewoodhair.com/category/hair-..+ Follow BlogHolleewood Hair features Hair care tips, color advice, hairstyle ideas, makeup, beauty hacks and all things beautiful.Email****@holleewoodhair.comInstagram3.5KDomain Authority48Read NowGet Email Contact
13.RPR Hair Care Blog
Bloghttps://rprhaircare.com.au/blog/+ Follow BlogRPR Hair Blog is the best resource for all your latest hair news, product solutions, hair trends, color inspiration, and blonde and curly hairstyles. At RPR Hair Care Australia, we are passionate about creating professional salon products that are simple, effective, uncomplicated, and environmentally responsible.MOREFacebook6.5KInstagram5.5KDomain Authority23Read NowGet Email Contact
14.Ogario London Blog
Bloghttps://ogariolondon.com/blogs/+ Follow BlogWe share salon tips for all hair types. From dry hair to fine hair or grey hair, from frizzy hair to damaged or bleached hair, curly hair, and afro hair. We focus on How to Get Healthy Hair, sharing tips to help you on your healthy hair journey. We talk about the best hair care routines and offer advice on healthy hair products. Our blogs draw on the expert advice of our founder Norris who has over 35 years in the hair salon business.MOREFacebook956Twitter1.2KInstagram1.5KDomain Authority54Read NowGet Email Contact
15.Salon Ziba Blog
Bloghttps://salonziba.com/blog/+ Follow BlogHairstyles, Haircare blog, hair growth tips and tricks, hair inspiration ideas, latest products, and treatments - Your go-to hair care blog for the latest trends and treatments. For over 30 years, our mission at Salon Ziba, New York, has been making beautiful hair effortless and affordable. Our international team of stylists specializes in all hair types to accommodate a diverse clientele, including models and entertainers.MOREFacebook1.5KTwitter262Instagram15KDomain Authority33Read NowGet Email Contact
16.Home - Hairshepherd
Bloghttps://hairshepherd.com/+ Follow BlogWhen it comes to anything related to hair. We always strive to get the best for our ardent readers. We are stronger every day through you.Email****@gmail.comDomain Authority24Read NowGet Email Contact
17.Velloy Cabello Blog
Bloghttps://velloycabello.com/blog-estilismo-bell..+ Follow BlogVELLO Y BELLO is your definitive destination to discover the art and science behind hair care. Driven by a shared passion for personal care, styling, and beauty, Velloy Cabello focuses on providing authentic and effective hair and hair solutions. Whether you are a man or a woman, here you will find everything you need to beautify, treat, and transform your hair and hair with confidence.MOREEmail****@velloycabello.comDomain Authority21Read NowGet Email Contact
18.Goldie Locks Blog
Bloghttps://goldielocks.com/blogs/news+ Follow BlogOur company focuses on enhancing the experience you can have with your hair, from the inside out. Not only does our product line encompass internal well-being and balance, but we add support to those transformative results by offering an entire line of luxury hair care. Discover everything we know about how to improve the health of your hair through professional tips, tricks, and stories that deliver results.MOREEmail****@fjsolutions.com.arFacebook5.3KInstagram43.7KDomain Authority37Read NowGet Email Contact
19.Restrand Blog
Bloghttps://blog.restrand.co.uk/+ Follow BlogAt RESTRAND we sell the UK's No1 Instant Hair Thickening Spray. Conceal hair loss, bald patches and scalp show through in one simple spray. All our products can be used in conjunction with other hair loss treatments and have no side effects and come with a full money back guarantee.MOREEmail****@restrand.co.ukFacebook814Twitter380Domain Authority25Read NowGet Email Contact
20.Coloured Hair Care
Bloghttps://www.coloredhaircare.com/+ Follow BlogWe're a team of hair color lovers and enthusiasts with decades of personal hair dyeing experience behind us. You name a color, we've dyed our hair many shades of it. Whether it's to try a new look, feel like a new person, or keep stubborn greys out of sight, hair color is an essential part of looking & feeling fabulous. We've got the best advice for picking hair products, using color-safe styling tools & choosing quality dyes that suit you.MOREEmail****@colouredhaircare.comFacebook1Twitter24Instagram71Domain Authority21Read NowGet Email Contact
21.Righteous Roots Blog
Bloghttps://righteousroots.net/blogs/news+ Follow BlogRighteous Roots blog posts focus on natural haircare, providing tips for those transitioning their hair, dealing with heat-damaged hair, low porosity hair, chemical-damaged hair, and everything in between.MOREEmail****@hotmail.comDomain Authority19Read NowGet Email Contact
22.TRU-Balance Hair Care Blog
Bloghttps://trubalancehaircare.com/blogs/news+ Follow BlogHaircare advice and tips to be the best version of you, every day! At TRU-Balance Hair Care our entire philosophy stands behind the idea that nature provides ALL of the necessary ingredients for excellent hair care.MOREFacebook2KInstagram6.3KDomain Authority17Read NowGet Email Contact
23.MAY11 Hair Oil Blog
Bloghttps://may11hairoil.com/blog+ Follow BlogAn educational collection of tips, tricks, and thoughts from MAY11's founder Romina Manenti and guest contributors pioneering the hairstyle industry. MAY11 is a line of luxurious, all-natural hair care essentials that deliver professional-level results.MOREEmail****@may11hairoil.comFacebook376Twitter9Instagram4KDomain Authority23Read NowGet Email Contact
24.Sheenas Hair Care Blog
Bloghttps://sheenashaircare.com/blog/+ Follow BlogProduct info, tools, methods, and customer reviews to help you make an informed decision. See why salon professionals and their customers choose Sheena's. Hi, Im Sheena! Stylist, founder, and user at Sheena's Hair Care. After several years in research and development, I'm so glad to bring you a product uniquely designed for fine, cottony curls. Get style and the treatment benefits of a shampoo, a conditioner, and a protein in one.MOREFacebook736Twitter27Instagram357Domain Authority5Read NowGet Email Contact
25.StyleCraze » Hair Care
Bloghttps://www.stylecraze.com/articles/hair/+ Follow BlogEmpower and inspire women of today to lead healthier and happier lives. StyleCraze aims to make the lives of women easier. Whether you are in your late teens, a working woman, or a mommy with a toddler in tow - we have something for you. Follow to get the best Hair care tips and tricks at StyleCraze, India's largest Beauty network.MOREEmail****@incnut.comFacebook553.4KTwitter9.5KInstagram471.5KDomain Authority85Read NowGet Email Contact
26.Fashion Lady » Haircare
Bloghttps://www.fashionlady.in/category/beauty-ti..+ Follow BlogFashion Lady is a Indian Fashion Blog, Magazine. The blog post contains hair care tips for healthy hair, curly hairs & dry hairs with Ayurvedic hair care, oils, shampoos and products.Email****@fashionlady.inFacebook708.7KTwitter2KInstagram7.5KDomain Authority67Read NowGet Email Contact
27.Carol's Daughter Blog
Bloghttps://www.carolsdaughter.com/blog+ Follow BlogFeatures hair care and styling tips, as well as fun, creative curly hair tutorials. Carol's Daughter offers high-end hair, body, and skincare products made with rare, natural ingredients.Facebook998.6KTwitter46.2KInstagram367.7KDomain Authority62Read NowGet Email Contact
28.Luxy Hair Blog » Hair Care
Bloghttps://www.luxyhair.com/blogs/hair-blog/tagg..+ Follow BlogA helpful blog posts on hair care advice, tips and tricks by Luxy Hair. mission of Luxy hair is to provide value to women and help them improve and love their hair.Email****@luxyhair.comFacebook320.7KTwitter20.8KInstagram588.3KDomain Authority57Read NowGet Email Contact
29.Pureology Blog
Bloghttps://www.pureology.com/blog.html+ Follow BlogYour destination for getting insider hair care tips & tricks, nailing the latest hairstyle, and catching up on hair trends. Pureology was created to offer the best professional products for color-treated hair.MOREFacebook282.4KTwitter8.8KInstagram147KDomain Authority55Read NowGet Email Contact
30.Voice of Hair
Bloghttps://voiceofhair.com/+ Follow BlogVoiceOfHair is a platform that connects women of color to the best hairstyles and hairstylists!Email****@voiceofhair.comFacebook495.4KTwitter1.8KInstagram1.4MDomain Authority27Read NowGet Email Contact
31.GKhair Blog
Bloghttps://blog.gkhair.com/+ Follow BlogHairstyles, hair care, hair growth tips and tricks, trending hair colors & everything about hair - Get solutions to your hair problems on GKhair Blog.Email****@gmail.comFacebook601.3KTwitter7.4KInstagram121.5KDomain Authority67Read NowGet Email Contact
32.Girl With Curves » Hair
Bloghttps://girlwithcurves.com/category/beauty/hair+ Follow BlogStyle, Beauty and Inspiration curated by Tanesha Awasthi, for the unapologetically confident Girl With Curls. The blog posts contains beautiful tips for healthy hair, curly hair updates, and hair care by mark.MOREEmail****@girlwithcurves.comFacebook419.5KTwitter16.6KInstagram27.5KDomain Authority63Read NowGet Email Contact
33.Hairfinity Blog
Bloghttps://www.hairfinity.com/blogs/news/tagged/..+ Follow BlogWhen hair growth formula experts start their own hair care blog, you get Hairfinity! Through their posts, the experts aim to provide you with the best ways to get healthy hair that you want and deserve. Hairfinity is a amazing and inspiring blog that helps you overcome all hair care related roadblocks.MOREEmail****@brockbeauty.comFacebook3.4MTwitter37.2KInstagram879.7KDomain Authority51Read NowGet Email Contact
34.Iles Formula
Bloghttps://ilesformula.com/blogs/news+ Follow BlogRead the latest news on Iles Formula, celebrity hairstyling, and hair care tips. Iles Formula is a luxury haircare brand created by celebrity hairstylist Wendy Iles.Email****@ilesformula.comFacebook11.5KTwitter2.8KInstagram70.5KDomain Authority49Read NowGet Email Contact
35.Viviscal Blog » Hair Care
Bloghttps://www.viviscal.com/blogs/hair-blog/tagg..+ Follow BlogGenuine hair product reviews to tips backed by scientific research, you are sure to benefit from them. They also have recipes of yummy smoothies and homemade hair masks, that will work effectively in combination with each other and make your hair healthy, bouncy, shiny, and long. The never-ending lists of topics leaves all hair care and maintenance doubts cleared!MOREEmail****@viviscal.comFacebook71.3KTwitter3.5KInstagram78.4KDomain Authority56Read NowGet Email Contact
36.Hair Buddha Blog
Bloghttps://www.hairbuddha.net/blog/+ Follow BlogMinaz is a neuro-physiotherapist turned natural hair therapist. Her tested methods for multiple hair care issues have benefited many around the world. She believes in eating natural foods and feeding your hair natural products. She has covered every possible hair care topic under the sun, and provides simple home remedies that you can use to deal with your hair woes.MOREEmail****@hairbuddha.netFacebook6KTwitter2KDomain Authority49Read NowGet Email Contact
37.Matrix Hair Care Blog
Bloghttps://www.matrixhaircare.co.uk/blog+ Follow BlogMatrix Blog is your go-to gal for the latest in beauty news, artist tips, and all things hair. Explore Matrix's professional hair care, styling, and color, designed to bring premium solutions for every hair type.MOREFacebook54.2KTwitter18.2KInstagram761.5KDomain Authority40Read NowGet Email Contact
38.Skalp Blog
Bloghttps://skalp.com/blog/+ Follow BlogScalp Micropigmentation is the ultimate non-surgical solution to thinning hair, receding hairlines, alopecia, scar camouflage and male pattern baldness. Keep up to date with the latest hair care news and tips from the Skalp BlogMOREEmail****@skalp.comFacebook10.5KTwitter4.7KDomain Authority40Read NowGet Email Contact
39.Heart Bows & Makeup » Hair
Bloghttps://www.heartbowsmakeup.com/category/hair/+ Follow BlogHair care posts by Heart Bows & Makeup gives You information about hair care products fall control shampoos and many more. Heart Bows & Makeup is a leading beauty and fashion blog which is based in New Delhi.MOREEmail****@heartbowsmakeup.comFacebook73.2KDomain Authority41Read NowGet Email Contact
40.MoKnowsHair
Bloghttps://moknowshair.com/blogs/news+ Follow BlogMonica writes about hair care tips, styles, products, and methods for all textured hair types and stages of growth. She is a licensed cosmetologist, beauty consultant, and founder of MoKnowsHair Curl Collection.MOREEmail****@gmail.comFacebook419KTwitter3.8KInstagram273.1KDomain Authority36Read NowGet Email Contact
41.Number 4 Hair Care Blog
Bloghttps://www.number4hair.com/blog/+ Follow BlogAt Number 4 High-Performance Hair Care, we provide the latest Hair Care Tips & Styling Ideas for hair care professionals. Check out our blog to learn more. Number 4 High-Performance Hair Care sets the standard for excellence in high-quality products that provide users with an extraordinary experience. Each of our collections was created with our mission in mind, to develop a creative, high-performance line of products in alignment with the cycles of fashion, science, art, music, and industrial design.MOREFacebook12.2KTwitter3.7KInstagram217.5KDomain Authority32Read NowGet Email Contact
42.Wavy Hair Care
Bloghttps://wavyhaircare.com/+ Follow BlogMy name is Emily, I have been blogging since 2009. I found the curly girl method in 2018, which helped me to discover my naturally wavy hair. Since then, I've continued to wear my hair wavy, reading and watching tons about wavy hair. This blog is where I share what I've learned, in hopes of helping others.MOREFacebook704Twitter29Domain Authority25Read NowGet Email Contact
43.Indian Hair Blog
Bloghttps://indianhair.net/blogs/journal+ Follow BlogWe specialize in 100% virgin Indian remy human hair, which is not chemically treated. We own and operate factories for weave manufacturing.Email****@guptahair.comFacebook24.4KTwitter357Instagram9.7KDomain Authority20Read NowGet Email Contact
44.Hair Queenie Blog
Bloghttps://www.hairqueenie.com/blogs/news+ Follow BlogFollow this blog to get hair care tips and products review.Email****@hairqueenie.comFacebook15Instagram296Domain Authority16Read NowGet Email Contact
45.Black Natural & Proud Sistas » Natural Hair Care
Bloghttps://naturalandproud.com/category/natural-..+ Follow BlogFind all of the must know information about Natural hair care such as detangling techniques, co-washing, pre-pooing, natural hair product info, and natural hair growth tips.Email****@naturalandproud.comFacebook21.4KDomain Authority48Read NowGet Email Contact
46.The Hair Care Company
Bloghttps://thehaircarecompany.org/all-about-hair/+ Follow BlogA New Approach to Healthy Hair by Stephanie Johnson. The Hair Care Company was founded in October 2000. The blog contains tips on healthy hairs and hair care products.Email****@thehaircarecompany.comTwitter59Domain Authority12Read NowGet Email Contact
47.Dr. Bagadia's Blog
Bloghttps://drbagadias.com/blogs/+ Follow BlogDr. Bagadia's is a name synonymous with hair and scalp care, not only in India, but across the world. Dr. Amol Bagadia has pioneered the trichology concept in Central India and happens to be Central India's first certified trichologist. From pioneering to raising an empire in the trichology segment, Dr. Bagadia have come a long way from just being India's early trichologist.MOREEmail****@drbagadias.comFacebook2.7KInstagram2.1KDomain Authority13Read NowGet Email Contact
48.Hair Falled Blog
Bloghttps://hairfalled.com/blog/+ Follow BlogDr. Maria Soto (Mimi). I'm Maria Soto, is a 30-year-old junior doctor who enjoys cookery, hockey, and meditation and also blogging. I am kind and reliable, but can also be very rude and a bit grumpy. I'm Cameroonian Christian. I have a post-graduate degree in medicine & health at San José State University.MOREEmail****@hairfalled.comDomain Authority13Read NowGet Email Contact
49.Zemé Fresh Blog
Bloghttps://zemefresh.com/pages/blogs+ Follow BlogFind all the relevant information for hair care such as hair problems, hair types, hair products, and a lot more here. Improve your hair health with Zemé. At Zemé, we bring to you the goodness of fresh, Indian home remedies, suited for your modern-day haircare needs. We custom-make hair products using only fresh herbs & kitchen ingredients, no chemicals, no preservatives & deliver them to your doorstepMOREFacebook1.3KInstagram12.2KDomain Authority12Read NowGet Email Contact
50.Schwahn Salon Blog
Bloghttps://schwahnsalon.com/hair-care-blog+ Follow BlogSchwahn Salon is a professional hair/beauty salon located in Mesa, AZ that's known for its world-class salon services. The health of your hair is our top priority - we are THE salon for rehabilitating damaged hair. We operate like a Health & Wellness Clinic where we evaluate the health of your hair, work with you to determine your hair goals, and create a customized 'Hair Care Plan' to obtain your desired look while prioritizing getting your hair as healthy as possible.MOREFacebook362Instagram2KDomain Authority12Read NowGet Email Contact
51.Onion Oil For Hair Blog
Bloghttps://onionoilforhair.com/blog/+ Follow Blogonionoilforhair.com. is a genuine website, where you will get everything on onion oil related topics. Find the most effective tips about Onion oil, Onion Shampoo, how to stop hair fall, and much more.MOREEmail****@gmail.comFacebook3.3KDomain Authority10Read NowGet Email Contact
52.SNI Natural Haircare Blog
Bloghttps://snihaircare.co.uk/blogs/blog+ Follow BlogOur blogs have all our top tips on how to look after your hair properly and keep it healthy. For top tips, product launches, and more, check out our blog! SNI Natural Hair Care specializes in formulations that aim to condition, nourish, repair, hydrate, and support growth whilst minimizing hair loss. Using plant-based formulae and SLS/unnecessary chemical-free formulae by research Scientist Sofia.MOREEmail****@snihaircare.co.ukFacebook443Instagram13.8KDomain Authority11Read NowGet Email Contact
53.How To Take Care Of Hair
Bloghttps://howtotakecareofhair.wordpress.com/+ Follow BlogHow To Take Good Care Of Your Hair.Email****@gmail.comDomain Authority8Read NowGet Email Contact
54.The Healthy Hair Diary
Bloghttps://thehealthyhairdiary.blogspot.com/+ Follow BlogDeOnne Springer's online journal, documenting Her hair journey to thicker, healthier longer relaxed hair.Email****@gmail.comFacebook2KTwitter324Domain Authority10Read NowGet Email Contact
55.Sarah Jane & Lomas Beauty Blog
Bloghttps://sarahjaneandlomas.com/blogs/caring-fo..+ Follow BlogDiscover the best hair care practices for healthy hair and scalp, including natural products and styling tips. Get expert advice on boosting hair health and growing beautiful curls, coils, and waves. Sarah Jane & Lomas Beauty is a natural, organic, and plant-derived hair care product brand. Join us on our hair care journey and let's grow together!MOREEmail****@sarahjaneandlomas.comFacebook558Instagram372Domain Authority6Read NowGet Email Contact
56.How To Get Healthy Hair
Bloghttps://sajaduzna.blogspot.com/+ Follow BlogHaircare Tips for everyone: Best ways to make hair thicker, Healthy Diet Plans for Men and Women.Email****@gmail.comDomain Authority1Read NowGet Email Contact
57.Hair's My Experience
Bloghttps://hairsmyexperience.com/+ Follow BlogHi, I'm April, a licensed cosmetologist passionate about the beauty industry. With over three decades of dedicated experience in the ever-evolving beauty industry, I am your seasoned guide on the journey to unlocking your full potential as a hairstylist. I offer a wealth of knowledge, inspiration, and transformation for both the fresh faces embarking on this thrilling career path and the seasoned stylists yearning to break free from the confines of routine.MOREEmail****@hairsmyexperience.comFacebook321Instagram223Domain Authority2Read NowGet Email Contact
58.Glisen Blog
Bloghttps://glisen.me/+ Follow BlogHi! I'm Selam, founder of Glisen. Combining my love of hair and my background in technology, I founded Glisen to provide personalized hair care advice, product recommendations, and more. My vision is for Glisen to be a resource for curly, kinky, coily-haired women all around the world, empowering women to learn and fall in love with their hair. On this Blog, we offer well-research, clear hair care advice, and hair product guidance for curly, oily, kinky, and wavy hair.MOREEmail****@glisen.meFacebook603Instagram4.1KDomain Authority4Read NowGet Email Contact
59.Beth Defines Beauty Blog
Bloghttps://www.bethdefinesbeauty.com/blog+ Follow BlogWelcome to Beth Defines Beauty Salon! We are a small business located in Atlanta, Georgia that believes in the power of all-natural beauty. We are a full-service natural hair salon offering services in natural hair styling, braiding, and other related service to women who desire to build confidence with the power of their beauty. We are passionate about providing handmade, earth-grown hair care products that will help nurture your hair for optimal growth.MOREEmail****@bethdefinesbeauty.comFacebook13.2KInstagram17.1KDomain Authority3Read NowGet Email Contact
60.Hairs Healthy -Guide to Healthy, Beautiful, and Strong Hair
Bloghttps://hairshealthy.com/+ Follow BlogWelcome to the world of luscious locks and radiant tresses! Discover the secrets to gorgeous, healthy hair at HairsHealthy.com. From natural remedies to styling hacks and product reviews, we're all about hair.MOREEmail****@hairshealthy.comTwitter12Domain Authority2Read NowGet Email Contact
61.Hair By Gabie G Blog
Bloghttps://www.hairbygabieg.com/blog+ Follow BlogLearn trending haircare tips and the latest on sustainable haircare practices by reading Hair By Gabie G blog, called Hair Talk. Gabie G's Salon is located in the heart of Silicon Valley, California. She has serving the San Francisco Bay Area since 2011, Gabie has built an enviable reputation as one of the top stylists in the Bay.MOREEmail****@gmail.comDomain Authority2Read NowGet Email Contact
62.eSalon » Custom Hair Care
Bloghttps://www.esalon.com/custom-hair-care/+ Follow BlogThe Looking Glass Blog by AURA is your source to get healthy hair tips, advice, guidance, and more from professional stylists. Here at AURA, we challenge the traditional confines of beauty to encourage and guide you toward the endless possibilities that lay ahead. Our goal is to transform your mirror moments with personalized hair care as the conduit.MOREInstagram18.4KRead NowGet Email Contact
Hair Care Bloggers
Best 45 Hair Loss Blogs
Best 10 UK Hair Care Blogs
Best 60 Hair Transplant Blogs
Best 35 Holistic Nutrition Blogs
Best 100 Holistic Blogs
Best 100 Healthy Lifestyle Blogs
Best 100 Keto Blogs
Best 100 Health Blogs
Best 60 Indian Skincare Blogs
Best 20 Wigs Blogs
Hair Care BlogsHairlicious Inc.My Hair Care BlogHair Care SquareOlaplex BlogBauman Medical Group NewsPosh Beauty BlogSitting Pretty Halo Hair BlogProse BlogNeal & Wolf BlogLisaLise BlogHype HairHolleewood HairRPR Hair Care BlogOgario London BlogSalon Ziba BlogHome - HairshepherdVelloy Cabello BlogGoldie Locks BlogRestrand BlogColoured Hair CareRighteous Roots BlogTRU-Balance Hair Care BlogMAY11 Hair Oil BlogSheenas Hair Care BlogStyleCraze » Hair CareFashion Lady » HaircareCarol's Daughter BlogLuxy Hair Blog » Hair CarePureology BlogVoice of HairGKhair BlogGirl With Curves » HairHairfinity BlogIles FormulaViviscal Blog » Hair CareHair Buddha BlogMatrix Hair Care BlogSkalp BlogHeart Bows & Makeup » HairMoKnowsHairNumber 4 Hair Care BlogWavy Hair CareIndian Hair BlogHair Queenie BlogBlack Natural & Proud Sistas » Natural Hair CareThe Hair Care CompanyDr. Bagadia's BlogHair Falled BlogZemé Fresh BlogSchwahn Salon BlogOnion Oil For Hair BlogSNI Natural Haircare BlogHow To Take Care Of HairThe Healthy Hair DiarySarah Jane & Lomas Beauty BlogHow To Get Healthy HairHair's My ExperienceGlisen BlogBeth Defines Beauty BlogHairs Healthy -Guide to Healthy, Beautiful, and Strong HairHair By Gabie G BlogeSalon » Custom Hair CareView all
Hairlicious Inc.
My Hair Care Blog
Hair Care Square
Olaplex Blog
Bauman Medical Group News
Posh Beauty Blog
Sitting Pretty Halo Hair Blog
Prose Blog
Neal & Wolf Blog
LisaLise Blog
Hype Hair
Holleewood Hair
RPR Hair Care Blog
Ogario London Blog
Salon Ziba Blog
Home - Hairshepherd
Velloy Cabello Blog
Goldie Locks Blog
Restrand Blog
Coloured Hair Care
Righteous Roots Blog
TRU-Balance Hair Care Blog
MAY11 Hair Oil Blog
Sheenas Hair Care Blog
StyleCraze » Hair Care
Fashion Lady » Haircare
Carol's Daughter Blog
Luxy Hair Blog » Hair Care
Pureology Blog
Voice of Hair
GKhair Blog
Girl With Curves » Hair
Hairfinity Blog
Iles Formula
Viviscal Blog » Hair Care
Hair Buddha Blog
Matrix Hair Care Blog
Skalp Blog
Heart Bows & Makeup » Hair
MoKnowsHair
Number 4 Hair Care Blog
Wavy Hair Care
Indian Hair Blog
Hair Queenie Blog
Black Natural & Proud Sistas » Natural Hair Care
The Hair Care Company
Dr. Bagadia's Blog
Hair Falled Blog
Zemé Fresh Blog
Schwahn Salon Blog
Onion Oil For Hair Blog
SNI Natural Haircare Blog
How To Take Care Of Hair
The Healthy Hair Diary
Sarah Jane & Lomas Beauty Blog
How To Get Healthy Hair
Hair's My Experience
Glisen Blog
Beth Defines Beauty Blog
Hairs Healthy -Guide to Healthy, Beautiful, and Strong Hair
Hair By Gabie G Blog
eSalon » Custom Hair Care
Hair Care Bloggers
See Also
Hair Care Blogs By Country
UK
Skalp BlogAbout- Scalp Micropigmentation is the ultimate non-surgical solution to thinning hair, receding hairlines, alopecia, scar camouflage and male pattern baldness.
Sni Hair Care BlogAbout- Did you know stress was the leading cause for hair loss? It is common for people to lose a certain number of hairs every single day; however, if you are losing a lot of hair, and that too from a particular part of your scalp; then that is a problem.
Hair Buddha BlogAbout- Minaz is a neuro-physiotherapist turned natural hair therapist. Her tested methods for multiple hair care issues have benefited many around the world. She believes in eating natural foods and feeding your hair natural products. She has covered every possible hair care topic under the sun, and provides simple home remedies that you can use to deal with your hair woes.
Hiikuss Hair | Afro Hair BlogAbout- Keep up to that with all the latest at Hiikuss Hair Studio, afro hair care, beauty and all things hair with our afro hair blog.
COMPANY
About Us
Our Data
CareersWe're hiring!
FeedSpot Reviews
Privacy
Terms
PRODUCTS
Content Reader
Media Contact Database
For Publishers
BROWSE
RSS Database
Blog Database
Blogsnew
Podcast Database
Magazine Database
Journalist Database
YouTubers Database
News Website Database
Instagram Influencer Database
Twitter Influencer Database
TikTok Influencer Database
RESOURCES
Outreach Guides
Recent Changes
FeedSpot Blog
SOCIAL
Twitter
Facebook
Instagram







"
https://en.wikipedia.org/wiki/Hair_care,
https://en.wikipedia.org/wiki/Hair,
https://en.wikipedia.org/wiki/Hair_removal,
https://en.wikipedia.org/wiki/Plucking_(hair_removal)[11],
https://huggingface.co/datasets/Amod/hair_medical_sit,"Models
Datasets
Spaces
Community
Docs
Enterprise
Pricing


Log In
Sign Up
Datasets:Amod/hair_medical_sitlike2
Dataset Summary
Supported Tasks and Leaderboards
Languages
Data Instances
Data Fields
Data Splits
Curation Rationale
Source DataInitial Data Collection and NormalizationWho are the source language producers?
Initial Data Collection and Normalization
Who are the source language producers?
Annotations
Social Impact of Dataset
Discussion of Biases
Other Known Limitations
Dataset Curators
Citation Information
Dataset Summary
This dataset contains information about common hair related diseases. It includes the disease name, the medicine used to treat the disease, the duration of treatment, the severity of the disease, and the common side effects of each medication.
Supported Tasks and Leaderboards
This dataset supports tasks like medication recommendation, disease diagnosis based on symptoms, etc.
Languages
The text in the dataset is in English. The text is medical terms and the names of the diseases, medications, and side effects are internationally recognized terms.
Dataset Structure
We show detailed information for up to 5 configurations of the dataset.
Data Instances
A data instance has the following structure:
```json
{
  ""Hair Diseases"": ""Alopecia Areata"",
  ""Medicine"": ""Minoxidil solution"",
  ""Duration"": ""12 months"",
  ""Severity"": ""Severe"",
  ""Side Effects"": ""Scalp irritation, Unwanted hair growth, Dizziness""
}
```
Data Fields
Hair Diseases: The name of the hair related disease.
Medicine: The medication used to treat the disease.
Duration: The duration of treatment.
Severity: The severity of the disease.
Side Effects: A list of common side effects of the medication.
Data Splits
The dataset has not been split into train, test, and validation sets.
Dataset Creation
Curation Rationale
The dataset was created to assist in medical research and to aid in disease diagnosis and treatment recommendation.
Source Data
Initial Data Collection and Normalization
The dataset was collected from various medical resources and compiled into a structured CSV file.
Who are the source language producers?
The original language data was produced by medical professionals.
Annotations
The dataset does not contain any annotations.
Considerations for Using the Data
Social Impact of Dataset
The dataset could be used to create systems that provide treatment recommendations for common hair related diseases, helping to improve healthcare outcomes.
Discussion of Biases
The dataset does not contain any explicit biases as it is based on medical facts. However, it is limited to common hair diseases and their treatments and does not include all possible diseases or treatments.
Other Known Limitations
The dataset only includes the most common side effects of the medications and does not cover all potential side effects.
Additional Information
Dataset Curators
The dataset was curated byAmod.
Citation Information
To the best of our knowledge, this dataset has not been cited in any publications."
https://universe.roboflow.com/project-5mecq/hair-loss-x5sxe,
https://data.mendeley.com/datasets/g46n66frrh,"FAQ

FAQ
Dataset for Evaluating Hair Hall Causes Using Machine Learning Techniques
Description
This dataset provides comprehensive information on various factors contributing to hair fall. The dataset contains 717 responses from a survey designed to capture details about individual hair care practices, lifestyle choices, and genetic predispositions.

Features:

1. Age
2. Gender
3. Usage of hair products
4. Water quality
5. Stress levels
6. Late-night activities
7. Presence of anemia
8. Family history of hair fall
9. Personal health conditions

Potential Uses:
Researchers, data scientists, and healthcare professionals can use this dataset to analyze the factors influencing hair fall. It is particularly useful for:

-- Identifying patterns and correlations among various factors contributing to hair fall.
-- Developing predictive models to forecast the likelihood of hair fall based on individual attributes.
-- Designing personalized hair care and treatment plans.
-- Conducting exploratory data analysis to uncover new insights about hair health.

Future Predictions:
From this dataset, future predictions can be made regarding:

-- The impact of lifestyle choices on hair fall severity.
-- The likelihood of hair fall based on genetic predispositions and family history.
-- The effectiveness of different hair care products and practices.
-- The relationship between stress levels and hair fall.

This dataset serves as a valuable resource for advancing the understanding of hair fall causes and developing targeted solutions to mitigate this common issue.
Files
Steps to reproduce
Data for the study was collected through a Google Forms survey, which was distributed via social media, community forums, and in-person outreach to ensure diversity and representativeness. The survey questionnaire was meticulously designed following an exhaustive literature review and consultations with subject matter experts. To achieve balanced representation, the survey targeted individuals both with and without hair loss, encompassing a broad age range, balanced gender representation, and geographic diversity. Participation in the survey was voluntary and anonymous, with informed consent obtained from all participants.
Institutions
Categories
Licence
Home
|
About
|
Accessibility Statement
|
Archive Policy
|
File Formats
|
API Docs
|
OAI
|
Mission
Terms of Use
|
Privacy Policy
|
Cookie Settings
All content on this site: Copyright Â© 2025 Elsevier inc, its licensors, and contributors. All rights are reserved, including those for text and data mining, AI training and similar technologies. For all open access content, the Creative Commons licensing terms apply."
https://www.kaggle.com/datasets/trainingdatapro/hair-detection-and-segmentation-dataset,
https://www.ai-trichologist.com,"403
Forbidden"
https://perfecthairhealth.com/free-resources/,"AboutMission StatementEducation. Evidence. Regrowth.Education.Prioritize knowledge. Make better choices.Evidence.Sort good studies from the bad.Regrowth.Get bigger hair gains.FULL MISSION STATEMENT
Mission StatementEducation. Evidence. Regrowth.Education.Prioritize knowledge. Make better choices.Evidence.Sort good studies from the bad.Regrowth.Get bigger hair gains.
Education. Evidence. Regrowth.
Education.Prioritize knowledge. Make better choices.
Prioritize knowledge. Make better choices.
Evidence.Sort good studies from the bad.
Sort good studies from the bad.
Regrowth.Get bigger hair gains.
Get bigger hair gains.
Team MembersPhD's, resarchers, & consumer advocates.Rob EnglishFounder, researcher, & consumer advocateResearch TeamOur team of PhD’s, researchers, & more
PhD's, resarchers, & consumer advocates.
Rob EnglishFounder, researcher, & consumer advocate
Founder, researcher, & consumer advocate
Research TeamOur team of PhD’s, researchers, & more
Our team of PhD’s, researchers, & more
Editorial PolicyDiscover how we conduct our research.Editorial PoliciesDiscover how we conduct our research.
Discover how we conduct our research.
Editorial PoliciesDiscover how we conduct our research.
Discover how we conduct our research.
ContactHave questions? Contact us.Contact UsHave questions? Contact us.
Have questions? Contact us.
Contact UsHave questions? Contact us.
Have questions? Contact us.
Before-AftersTransformation PhotosOur library of before-after photos.— Jenna, 31, U.S.A.I have attached my before and afters of my progress since joining this group...— Tom, 30, U.K.I’m convinced I’ve recovered to probably the hairline I had 3 years ago. Super stoked…— Rabih, 30’s, U.S.A.My friends actually told me, “Your hairline improved. Your hair looks thicker...— RDB, 35, New York, U.S.A.I also feel my hair has a different texture to it now…— Aayush, 20’s, Boston, MAFirstly thank you for your work in this field. I am immensely grateful that...— Ben M., U.S.AI just wanted to thank you for all your research, for introducing me to this method...— Raul, 50, SpainTo be honest I am having fun with all this and I still don’t know how much...— Lisa, 52, U.S.I see a massive amount of regrowth that is all less than about 8 cm long...SEE ALL PHOTOS
Transformation PhotosOur library of before-after photos.— Jenna, 31, U.S.A.I have attached my before and afters of my progress since joining this group...— Tom, 30, U.K.I’m convinced I’ve recovered to probably the hairline I had 3 years ago. Super stoked…— Rabih, 30’s, U.S.A.My friends actually told me, “Your hairline improved. Your hair looks thicker...— RDB, 35, New York, U.S.A.I also feel my hair has a different texture to it now…— Aayush, 20’s, Boston, MAFirstly thank you for your work in this field. I am immensely grateful that...— Ben M., U.S.AI just wanted to thank you for all your research, for introducing me to this method...— Raul, 50, SpainTo be honest I am having fun with all this and I still don’t know how much...— Lisa, 52, U.S.I see a massive amount of regrowth that is all less than about 8 cm long...
Our library of before-after photos.
— Jenna, 31, U.S.A.I have attached my before and afters of my progress since joining this group...
I have attached my before and afters of my progress since joining this group...
— Tom, 30, U.K.I’m convinced I’ve recovered to probably the hairline I had 3 years ago. Super stoked…
I’m convinced I’ve recovered to probably the hairline I had 3 years ago. Super stoked…
— Rabih, 30’s, U.S.A.My friends actually told me, “Your hairline improved. Your hair looks thicker...
My friends actually told me, “Your hairline improved. Your hair looks thicker...
— RDB, 35, New York, U.S.A.I also feel my hair has a different texture to it now…
I also feel my hair has a different texture to it now…
— Aayush, 20’s, Boston, MAFirstly thank you for your work in this field. I am immensely grateful that...
Firstly thank you for your work in this field. I am immensely grateful that...
— Ben M., U.S.AI just wanted to thank you for all your research, for introducing me to this method...
I just wanted to thank you for all your research, for introducing me to this method...
— Raul, 50, SpainTo be honest I am having fun with all this and I still don’t know how much...
To be honest I am having fun with all this and I still don’t know how much...
— Lisa, 52, U.S.I see a massive amount of regrowth that is all less than about 8 cm long...
I see a massive amount of regrowth that is all less than about 8 cm long...
Client Testimonials150+ member experiences.Scroll Down
150+ member experiences.
Popular TreatmentsTreatmentsPopular treatments. But do they work?FinasterideOralTopicalDutasterideOralTopicalMesotherapyMinoxidilOralTopicalKetoconazoleShampooTopicalLow-Level Laser TherapyTherapyMicroneedlingTherapyPlatelet-Rich Plasma Therapy (PRP)TherapyScalp MassagesTherapyMoreIngredientsTop-selling ingredients, quantified.Saw PalmettoRedensylMelatoninCaffeineBiotinRosemary OilLilac Stem CellsHydrolyzed Wheat ProteinSodium Lauryl SulfateMoreProductsThe truth about hair loss ""best sellers"".Minoxidil TabletsXyon HealthFinasterideStrut HealthHair Growth SupplementsHappy HeadREVITA Tablets for Hair Growth SupportDS LaboratoriesFoliGROWTH Ultimate Hair NeutraceuticalAdvanced TrichologyEnhance Hair Density SerumFully VitalTopical Finasteride and MinoxidilXyon HealthHairOmega Foaming Hair Growth SerumDrFormulasBio-Cleansing ShampooRevivogen MDmoreKey MetricsStandardized rubrics to evaluate all treatments.Evidence QualityIs this treatment well studied?Regrowth PotentialHow much regrowth can you expect?Long-Term ViabilityIs this treatment safe & sustainable?ALL TREATMENT METRICS
TreatmentsPopular treatments. But do they work?FinasterideOralTopicalDutasterideOralTopicalMesotherapyMinoxidilOralTopicalKetoconazoleShampooTopicalLow-Level Laser TherapyTherapyMicroneedlingTherapyPlatelet-Rich Plasma Therapy (PRP)TherapyScalp MassagesTherapyMore
Popular treatments. But do they work?
FinasterideOralTopical
Oral
Topical
DutasterideOralTopicalMesotherapy
Oral
Topical
Mesotherapy
MinoxidilOralTopical
Oral
Topical
KetoconazoleShampooTopical
Shampoo
Topical
Low-Level Laser TherapyTherapy
Therapy
MicroneedlingTherapy
Therapy
Platelet-Rich Plasma Therapy (PRP)Therapy
Therapy
Scalp MassagesTherapy
Therapy
More
IngredientsTop-selling ingredients, quantified.Saw PalmettoRedensylMelatoninCaffeineBiotinRosemary OilLilac Stem CellsHydrolyzed Wheat ProteinSodium Lauryl SulfateMore
Top-selling ingredients, quantified.
Saw Palmetto
Redensyl
Melatonin
Caffeine
Biotin
Rosemary Oil
Lilac Stem Cells
Hydrolyzed Wheat Protein
Sodium Lauryl Sulfate
More
ProductsThe truth about hair loss ""best sellers"".Minoxidil TabletsXyon HealthFinasterideStrut HealthHair Growth SupplementsHappy HeadREVITA Tablets for Hair Growth SupportDS LaboratoriesFoliGROWTH Ultimate Hair NeutraceuticalAdvanced TrichologyEnhance Hair Density SerumFully VitalTopical Finasteride and MinoxidilXyon HealthHairOmega Foaming Hair Growth SerumDrFormulasBio-Cleansing ShampooRevivogen MDmore
The truth about hair loss ""best sellers"".
Minoxidil TabletsXyon Health
Xyon Health
FinasterideStrut Health
Strut Health
Hair Growth SupplementsHappy Head
Happy Head
REVITA Tablets for Hair Growth SupportDS Laboratories
DS Laboratories
FoliGROWTH Ultimate Hair NeutraceuticalAdvanced Trichology
Advanced Trichology
Enhance Hair Density SerumFully Vital
Fully Vital
Topical Finasteride and MinoxidilXyon Health
Xyon Health
HairOmega Foaming Hair Growth SerumDrFormulas
DrFormulas
Bio-Cleansing ShampooRevivogen MD
Revivogen MD
more
Key MetricsStandardized rubrics to evaluate all treatments.Evidence QualityIs this treatment well studied?Regrowth PotentialHow much regrowth can you expect?Long-Term ViabilityIs this treatment safe & sustainable?
Standardized rubrics to evaluate all treatments.
Evidence QualityIs this treatment well studied?
Is this treatment well studied?
Regrowth PotentialHow much regrowth can you expect?
How much regrowth can you expect?
Long-Term ViabilityIs this treatment safe & sustainable?
Is this treatment safe & sustainable?
Free ResearchFree ResourcesApps, tools, guides, freebies, & more.Free CalculatorTopical Finasteride CalculatorFree Interactive GuideInteractive Guide: What Causes Hair Loss?Free ResourceFree Guide: Standardized Scalp MassagesFree Course7-Day Hair Loss Email CourseFree DatabaseIngredients DatabaseFree Interactive GuideInteractive Guide: Hair Loss DisordersFree DatabaseTreatment GuidesFree Lab TestsProduct Lab Tests: Purity & PotencyFree Video & Write-upEvidence Quality MasterclassFree Interactive GuideDermatology Appointment GuideMoreArticles100+ free articles.Does Topical Dutasteride Work?Where to Buy Topical Finasteride?Dutasteride Before and After: 10 Success StoriesWhere To Buy Topical Dutasteride?Does Topical Finasteride Work?Topical Minoxidil for Hair Growth: Efficacy, Safety, and How to Enhance ResultsOral Minoxidil for Hair Growth: Is it Effective and Safe? Our AnalysisIntroducing Ulo: The Future of Hair Loss TelemedicineSearch by Name...ALL FREE ARTICLESPublicationsOur team’s peer-reviewed studies.Microneedling and Its Use in Hair Loss Disorders: A Systematic ReviewUse of Botulinum Toxin for Androgenic Alopecia: A Systematic ReviewConflicting Reports Regarding the Histopathological Features of Androgenic AlopeciaSelf-Assessments of Standardized Scalp Massages for Androgenic Alopecia: Survey ResultsA Hypothetical Pathogenesis Model For Androgenic Alopecia:Clarifying The Dihydrotestosterone Paradox And Rate-Limiting Recovery FactorsALL PUBLICATIONS
Free ResourcesApps, tools, guides, freebies, & more.Free CalculatorTopical Finasteride CalculatorFree Interactive GuideInteractive Guide: What Causes Hair Loss?Free ResourceFree Guide: Standardized Scalp MassagesFree Course7-Day Hair Loss Email CourseFree DatabaseIngredients DatabaseFree Interactive GuideInteractive Guide: Hair Loss DisordersFree DatabaseTreatment GuidesFree Lab TestsProduct Lab Tests: Purity & PotencyFree Video & Write-upEvidence Quality MasterclassFree Interactive GuideDermatology Appointment GuideMore
Apps, tools, guides, freebies, & more.
Free CalculatorTopical Finasteride Calculator
Free Interactive GuideInteractive Guide: What Causes Hair Loss?
Free ResourceFree Guide: Standardized Scalp Massages
Free Course7-Day Hair Loss Email Course
Free DatabaseIngredients Database
Free Interactive GuideInteractive Guide: Hair Loss Disorders
Free DatabaseTreatment Guides
Free Lab TestsProduct Lab Tests: Purity & Potency
Free Video & Write-upEvidence Quality Masterclass
Free Interactive GuideDermatology Appointment Guide
More
Articles100+ free articles.Does Topical Dutasteride Work?Where to Buy Topical Finasteride?Dutasteride Before and After: 10 Success StoriesWhere To Buy Topical Dutasteride?Does Topical Finasteride Work?Topical Minoxidil for Hair Growth: Efficacy, Safety, and How to Enhance ResultsOral Minoxidil for Hair Growth: Is it Effective and Safe? Our AnalysisIntroducing Ulo: The Future of Hair Loss TelemedicineSearch by Name...ALL FREE ARTICLES
100+ free articles.
Does Topical Dutasteride Work?
Where to Buy Topical Finasteride?
Dutasteride Before and After: 10 Success Stories
Where To Buy Topical Dutasteride?
Does Topical Finasteride Work?
Topical Minoxidil for Hair Growth: Efficacy, Safety, and How to Enhance Results
Oral Minoxidil for Hair Growth: Is it Effective and Safe? Our Analysis
Introducing Ulo: The Future of Hair Loss Telemedicine
PublicationsOur team’s peer-reviewed studies.Microneedling and Its Use in Hair Loss Disorders: A Systematic ReviewUse of Botulinum Toxin for Androgenic Alopecia: A Systematic ReviewConflicting Reports Regarding the Histopathological Features of Androgenic AlopeciaSelf-Assessments of Standardized Scalp Massages for Androgenic Alopecia: Survey ResultsA Hypothetical Pathogenesis Model For Androgenic Alopecia:Clarifying The Dihydrotestosterone Paradox And Rate-Limiting Recovery Factors
Our team’s peer-reviewed studies.
Microneedling and Its Use in Hair Loss Disorders: A Systematic Review
Use of Botulinum Toxin for Androgenic Alopecia: A Systematic Review
Conflicting Reports Regarding the Histopathological Features of Androgenic Alopecia
Self-Assessments of Standardized Scalp Massages for Androgenic Alopecia: Survey Results
A Hypothetical Pathogenesis Model For Androgenic Alopecia:Clarifying The Dihydrotestosterone Paradox And Rate-Limiting Recovery Factors
AboutAboutMission StatementEducation. Evidence. Regrowth.Team MembersPhD's, resarchers, & consumer advocates.Editorial PolicyDiscover how we conduct our research.ContactHave questions? Contact us.

Mission StatementEducation. Evidence. Regrowth.
Education. Evidence. Regrowth.
Team MembersPhD's, resarchers, & consumer advocates.
PhD's, resarchers, & consumer advocates.
Editorial PolicyDiscover how we conduct our research.
Discover how we conduct our research.
ContactHave questions? Contact us.
Have questions? Contact us.
Before-AftersBefore-AftersTransformation PhotosOur library of before-after photos.Client TestimonialsRead the experiences of membersBefore-Afters/Client Testimonials

Transformation PhotosOur library of before-after photos.
Our library of before-after photos.
Client TestimonialsRead the experiences of membersBefore-Afters/Client Testimonials
Read the experiences of members

Popular TreatmentsPopular TreatmentsTreatmentsPopular treatments. But do they work?IngredientsTop-selling ingredients, quantified.Key MetricsStandardized rubrics to evaluate all treatments.

TreatmentsPopular treatments. But do they work?
Popular treatments. But do they work?
IngredientsTop-selling ingredients, quantified.
Top-selling ingredients, quantified.
Key MetricsStandardized rubrics to evaluate all treatments.
Standardized rubrics to evaluate all treatments.
Free ResearchFree ResearchFree ResourcesApps, tools, guides, freebies, & more.Articles100+ free articles.PublicationsOur team’s peer-reviewed studies.

Free ResourcesApps, tools, guides, freebies, & more.
Apps, tools, guides, freebies, & more.
Articles100+ free articles.
100+ free articles.
PublicationsOur team’s peer-reviewed studies.
Our team’s peer-reviewed studies.
Free Resources
Perfect Hair Health prioritizes education, not product purchases. We’re constantly building apps, tools, guides, & databases to help you make better treatment choices. Most of what we build, we release for free. Search our free resources below.
Topical Finasteride Calculator
Problem
Hair growth companies charge premiums for topical finasteride and dutasteride, when these can be made at home by crushing pills and/or diluting previously purchased topicals.
Solution
We made a calculator to help you customize to any dilution of your choosing. It’s the perfect tool to titrate doses and minimize your risk of side effects.
Benefits
Gain full control over your drug exposure, so you can mitigate side effects
Gain full control over your drug exposure, so you can mitigate side effects
Cut out the pharmacy and lower your treatment costs from $70+ to $7 per month
Cut out the pharmacy and lower your treatment costs from $70+ to $7 per month
Discover your “upper tolerable dose”, so can maximize your hair gains
Discover your “upper tolerable dose”, so can maximize your hair gains
Interactive Guide: What Causes Hair Loss?
Problem
Forums, YouTube channels, and businesses involved in the hair loss industry tell consumers different causes of hair loss to benefit their product sales, not patients.
Solution
We built a feature that builds the strongest cases for and against hair loss.
Benefits
Uncover the steelman arguments “for” and “against” popular hair loss theories
Uncover the steelman arguments “for” and “against” popular hair loss theories
Know which theories to prioritize, so you can build an effective treatment plan
Know which theories to prioritize, so you can build an effective treatment plan
Constantly updated based on reader feedback + new studies
Constantly updated based on reader feedback + new studies
Free Guide: Standardized Scalp Massages
Problem
A 2012 study suggested that scalp massages regrew hair for 100% of people, but the findings were published in a low-quality journal and could not be trusted.
Solution
We conducted a cross-sectional survey study of participants adhering to standardized scalp massages for 1-36 months, then published those results in a higher-quality journal and made the materials free to access so people could have better expectations of this intervention.
Benefits
Get step-by-step video + PDF instructions for scalp massaging
Get step-by-step video + PDF instructions for scalp massaging
Follow along with every session, so you never wonder what to do next
Follow along with every session, so you never wonder what to do next
Know the real data on this experimental therapy (it’s not a substitute for drugs)
Know the real data on this experimental therapy (it’s not a substitute for drugs)
Gain advice from people who ran the study, not the internet, so you can maximize your chances for results
Gain advice from people who ran the study, not the internet, so you can maximize your chances for results
7-Day Hair Loss Email Course
Problem
People want general hair loss information and step-by-step guides for treatment, but they also don’t want to do tons of reading every day.
Solution
We built a 7-day email course that drip feeds you hair loss advice – so you can cut through the marketing hype and start following treatments that work.
Benefits
Consumer hair loss education, broken up into daily digestible segments
Consumer hair loss education, broken up into daily digestible segments
Avoid common hair loss mistakes made by most hair loss sufferers
Avoid common hair loss mistakes made by most hair loss sufferers
Discover which treatments work, their risks, and their opportunity costs
Discover which treatments work, their risks, and their opportunity costs
Know evidence quality, so you can navigate natural vs. conventional treatments
Know evidence quality, so you can navigate natural vs. conventional treatments
Ingredients Database
Problem
Everyday, consumers are exposed via advertisements to a new “breakthrough” hair growth ingredient – with no ability to discern if this ingredient has high-quality data supporting its use for your kind of hair loss.
Solution
We built an ingredients database that summarizes all major pharmaceuticals, extracts, nutrients, vitamins, trace elements, carrier agents, and more popularized in the hair loss community. We ranked these interventions based on evidence quality. Prioritize the ones that have a score of 50 or greater. It’s all free.
Benefits
Understand evidence quality, so you can stop buying poorly supported products
Understand evidence quality, so you can stop buying poorly supported products
Interactive Guide: Hair Loss Disorders
Problem
Consumers lack a fundamental understanding of how to differentiate hair loss types, and how similar many hair loss types can look, especially at the earliest of stages. This delays diagnoses, causes consumers to pursue treatments that don’t fit their specific needs, and worsens long-term outcomes.
Solution
We built an interactive chart revealing how hair loss progresses across genders, stages, and the four major hair loss types – from a macro- and micro- level.
Benefits
Discover why misdiagnoses are so common, especially with early-stage hair loss
Discover why misdiagnoses are so common, especially with early-stage hair loss
Know the ins and outs of hair loss – and become your own patient advocate
Know the ins and outs of hair loss – and become your own patient advocate
Uncover your biggest treatment targets, so you never waste time, money, or hair
Uncover your biggest treatment targets, so you never waste time, money, or hair
Deep-dive into: androgenic alopecia, telogen effluvium, scarring alopecias,  and alopecia areata
Deep-dive into: androgenic alopecia, telogen effluvium, scarring alopecias,  and alopecia areata
Treatment Guides
Problem
Doctors cannot (or do not have time) to educate their patients on all the ins and outs of hair loss treatments. When consumers turn to online resources, they face a sea of conflicting information – with everyone trying to sell their own pills, potions, and other physical hair growth products.
Solution
We built out complete guides for the most popular hair loss treatments: oral minoxidil, topical minoxidil, oral finasteride, topical finasteride, oral dutasteride, topical dutasteride, low-level laser therapy, ketoconazole, microneedling, platelet-rich plasma therapy, natural treatments, and more.
Benefits
Cut out the bias, and gain free access to best-in-class hair loss information
Cut out the bias, and gain free access to best-in-class hair loss information
Studies updated monthly, so you’re always up-to-date
Studies updated monthly, so you’re always up-to-date
Dynamic overviews showcase the most important, actionable information
Dynamic overviews showcase the most important, actionable information
Product Lab Tests: Purity & Potency
Problem
Companies in the hair loss industry are poorly regulated, which means they can often sell you dirt in a bottle and tell you that bottle contains ingredients it actually doesn’t have.
Solution
We lab test consumer products based on membership votes, and share the results so you know what you’re buying. Many of these reports we release entirely for free.
Benefits
Discover which products cannot meet their labeling claims, and save thousands.
Discover which products cannot meet their labeling claims, and save thousands.
Full-fledged investigations into product  claims vs. reality.
Full-fledged investigations into product  claims vs. reality.
Updated monthly, based on votes from our community
Updated monthly, based on votes from our community
You pick what we buy + lab test next
You pick what we buy + lab test next
Evidence Quality Masterclass
Problem
In the hair loss industry, companies have discovered how to cheat their clinical trials to virtually guarantee good results for any pill, supplement, topical, shampoo, or device they’re selling. They do this by exploiting consumers’ misunderstanding of evidence quality.
Solution
Our masterclass exposes these companies and their studies. We also teach a framework to protect you from these unethical practices.
Benefits
Gain expertise and become your own patient advocate
Gain expertise and become your own patient advocate
15+ real-world examples of biased studies, and from companies you’ve heard of
15+ real-world examples of biased studies, and from companies you’ve heard of
Discover why evidence quality is so important when selecting treatments
Discover why evidence quality is so important when selecting treatments
Download as a video, article, and PDF, so you can learn however you’d like
Download as a video, article, and PDF, so you can learn however you’d like
Dermatology Appointment Guide
Problem
Many dermatologists don’t care about hair loss patients. They’ll skip a scalp exam, assume it’s genetic hair loss, and then upsell patients into PRP, stem cells, & exosomes. The result: missed diagnoses and wasted time, money, & hair.
Solution
We built a step-by-step dermatology appointment guide. By asking these questions, you’ll force the doctor to do a thorough scalp exam.
Benefits
Dominate your dermatology appointment
Dominate your dermatology appointment
Get an actual scalp assessment
Get an actual scalp assessment
Get a more accurate diagnosis
Get a more accurate diagnosis
Save thousands by avoiding dermatology upsells
Save thousands by avoiding dermatology upsells
Protect yourself from lazy dermatologists
Protect yourself from lazy dermatologists
Hair Loss DNA Scanner
Problem
Gene testing companies take advantage of consumers’ lacking knowledge of evidence quality to build hair loss treatments based on DNA profiles. These cost thousands of dollars, are supported by low-quality and often irrelevant data, and are absent any validation.
Solution
We built similar genetic testing software, so you can upload your raw genetic data and get the same results — with real disclaimers on evidence quality — 100% for free.
Benefits
Save $400+ on gene testing services. We built and provide this service for free
Save $400+ on gene testing services. We built and provide this service for free
Save $1,200 booking a doctor to interpret results. We do this for you, for free
Save $1,200 booking a doctor to interpret results. We do this for you, for free
Know the “real” evidence on DNA and hair treatments (it’s limited)
Know the “real” evidence on DNA and hair treatments (it’s limited)
Constantly updated, so you can run your results every time we push an update
Constantly updated, so you can run your results every time we push an update
Genetic Articles
NR3C1: Can This Gene Predict Responsiveness to Glucocorticoids?
COL1A1: Can This Gene Predict Regrowth From Collagen Supplements?
CRABP2: Can This Gene Predict Regrowth From Retinoids?
BTD: Can This Gene Predict Regrowth From Biotin?
CYP19A1: Can This Gene Predict Regrowth From Hormone Therapy?
ACE: Can This Gene Predict Regrowth From Blood Flow Boosters?
PGTFR: Can This Gene Predict Regrowth From PGF2a Analogs?
PTGES2: Can This Gene Predict Regrowth from Minoxidil?
IGF1R: Can This Gene Predict Regrowth From IGF-1?
SRD5A1 & 2: Can These Genes Predict Regrowth From DHT Reducers?
SULT1A1: Can This Gene Predict Hair Regrowth From Minoxidil?
GPR44: Can This Gene Predict Hair Regrowth From PGD2 Inhibitors?
Up-To-Date Literature Reviews
Problem
Most people get their hair loss news from forums, YouTube, or hair care brands. These resources skew their study interpretations based on profit motives – constantly changing their interpretation of “safe” and “effective”  depending on what they’re selling you. The end-result: you never know the real data supporting hair loss treatments.
Solution
We hired a team of PhD’s to run systematic literature reviews on major hair loss treatments. We summarize this data in our treatment overviews, and we update the tables monthly with new studies. It’s all free.
Benefits
Dynamic tables, built in a consumer-friendly format.
Dynamic tables, built in a consumer-friendly format.
Update monthly, so your treatment education always stays up-to-date.
Update monthly, so your treatment education always stays up-to-date.
Understand evidence quality, so you can stop buying poorly supported products.
Understand evidence quality, so you can stop buying poorly supported products.
Finasteride
Dutasteride
Minoxidil
Ketoconazole
Low-Level Laser Therapy
Microneedling
Platelet-Rich Plasma Therapy (PRP)
Scalp Massages
More
Finasteride
Dutasteride
Minoxidil
Ketoconazole
Low-Level Laser Therapy
Microneedling
Scalp Massages
More
AI Study Analyzer
Problem
Consumers don’t know how to properly analyze studies about hair loss, so they often build regrowth regimens based on poorly supported treatments that don’t apply to their hair loss case.
Solution
We built &  trained an AI study analyzer and integrated it with our masterclass on evidence quality — so you can get instant facts about any hair loss study & make better treatment choices.
Benefits
Instant analysis for any hair loss study
Instant analysis for any hair loss study
Save + share your results with a customizable URL
Save + share your results with a customizable URL
Instantly know which studies have merit, and which don’t
Instantly know which studies have merit, and which don’t
Make better treatment decisions
Make better treatment decisions
Master your understanding of evidence quality in the hair loss industry
Master your understanding of evidence quality in the hair loss industry
Peer-Reviewed Studies, 100% Accessible
Problem
Consumers want to learn about the science behind hair loss and treatments, but many studies are behind paywalls, and authors never break down their studies for lay people with simple, actionable advice
Solution
We publish peer-reviewed studies ranging from cross-sectional surveys to systematic literature reviews on treatments. We make them 100% free to access, and we release them alongside videos + articles explaining their findings and key takeaways.
Benefits
Deep-dives into topical finasteride, topical dutasteride, mesotherapy, microneedling, and more – so you’re always up-to-date
Deep-dives into topical finasteride, topical dutasteride, mesotherapy, microneedling, and more – so you’re always up-to-date
Simple, actionable recommendations based on the latest evidence
Simple, actionable recommendations based on the latest evidence
Become your own patient advocate
Become your own patient advocate
Free Articles
Problem
Many websites offer “free articles” that slant information to sell their own product lines, or to cash in on affiliate checks. This biases your access to good hair loss information.
Solution
We write hundreds of free articles, written and reviewed by real hair loss researchers. We don’t sell physical products. We don’t accept affiliate deals with hair loss brands. This means we can provide you with truly unbiased information.
Benefits
Dive deep into treatments, hypotheses, breakthroughs, and more
Dive deep into treatments, hypotheses, breakthroughs, and more
Know the truth behind treatments, without any “spin” for product sales
Know the truth behind treatments, without any “spin” for product sales
Updated weekly, so you can stay up-to-date with the latest information
Updated weekly, so you can stay up-to-date with the latest information
The Truth On Nutrients, Vitamin, & Trace Minerals
Problem
Many hair care brands will rebrand multivitamins as hair growth supplements, then substantiate their labeling claims with studies examining their ingredients’ effects on petri dishes, mice, and people without hair loss, rather than humans with androgenic alopecia.
Solution
We conducted full-scale investigations into most nutrients, vitamins, and trace elements indicated for hair growth. Then we synthesized our research into articles on each ingredient – so you’ll know the real science (or lack thereof) behind the products you’re buying.
Benefits
Unbiased, up-to-date information
Unbiased, up-to-date information
Save money: avoid supplements that show no benefit to human hair
Save money: avoid supplements that show no benefit to human hair
Avoid harm: some popular antioxidants may increase all-cause mortality
Avoid harm: some popular antioxidants may increase all-cause mortality
HairTrackr App
Problem
People want to track progress, but they don’t know how to standardize the process and they hate the idea of keeping their photos on their phone. Comparisons are hard.
Solution
We built an app that does all of this for you, and we released it for free.
Benefits
Compare + export any two photos with the click of a button
Compare + export any two photos with the click of a button
100% private storage, so you can stop saving “hair pics” to your photo scroll
100% private storage, so you can stop saving “hair pics” to your photo scroll
Superimpose past photos to perfectly match up photo angles
Superimpose past photos to perfectly match up photo angles
Walk-through videos give you 100% guidance with each new photo entry
Walk-through videos give you 100% guidance with each new photo entry
Monthly reminders, so you never forget to take your progress pics
Monthly reminders, so you never forget to take your progress pics
Filter photos by region and timeline, making progress tracking effortless
Filter photos by region and timeline, making progress tracking effortless
Upload + auto-read older photos, so no more guessing “when” you took a pic
Upload + auto-read older photos, so no more guessing “when” you took a pic
…and more.
…and more.
Topical Finasteride Calculator
Problem
Hair growth companies charge premiums for topical finasteride and dutasteride, when these can be made at home by crushing pills and/or diluting previously purchased topicals.
Solution
We made a calculator to help you customize to any dilution of your choosing. It’s the perfect tool to titrate doses and minimize your risk of side effects.
Benefits
Gain full control over your drug exposure, so you can mitigate side effects
Gain full control over your drug exposure, so you can mitigate side effects
Cut out the pharmacy and lower your treatment costs from $70+ to $7 per month
Cut out the pharmacy and lower your treatment costs from $70+ to $7 per month
Discover your “upper tolerable dose”, so can maximize your hair gains
Discover your “upper tolerable dose”, so can maximize your hair gains
Interactive Guide: What Causes Hair Loss?
Problem
Forums, YouTube channels, and businesses involved in the hair loss industry tell consumers different causes of hair loss to benefit their product sales, not patients.
Solution
We built a feature that builds the strongest cases for and against hair loss.
Benefits
Uncover the steelman arguments “for” and “against” popular hair loss theories
Uncover the steelman arguments “for” and “against” popular hair loss theories
Know which theories to prioritize, so you can build an effective treatment plan
Know which theories to prioritize, so you can build an effective treatment plan
Constantly updated based on reader feedback + new studies
Constantly updated based on reader feedback + new studies
Free Guide: Standardized Scalp Massages
Problem
A 2012 study suggested that scalp massages regrew hair for 100% of people, but the findings were published in a low-quality journal and could not be trusted.
Solution
We conducted a cross-sectional survey study of participants adhering to standardized scalp massages for 1-36 months, then published those results in a higher-quality journal and made the materials free to access so people could have better expectations of this intervention.
Benefits
Get step-by-step video + PDF instructions for scalp massaging
Get step-by-step video + PDF instructions for scalp massaging
Follow along with every session, so you never wonder what to do next
Follow along with every session, so you never wonder what to do next
Know the real data on this experimental therapy (it’s not a substitute for drugs)
Know the real data on this experimental therapy (it’s not a substitute for drugs)
Gain advice from people who ran the study, not the internet, so you can maximize your chances for results
Gain advice from people who ran the study, not the internet, so you can maximize your chances for results
7-Day Hair Loss Email Course
Problem
People want general hair loss information and step-by-step guides for treatment, but they also don’t want to do tons of reading every day.
Solution
We built a 7-day email course that drip feeds you hair loss advice – so you can cut through the marketing hype and start following treatments that work.
Benefits
Consumer hair loss education, broken up into daily digestible segments
Consumer hair loss education, broken up into daily digestible segments
Avoid common hair loss mistakes made by most hair loss sufferers
Avoid common hair loss mistakes made by most hair loss sufferers
Discover which treatments work, their risks, and their opportunity costs
Discover which treatments work, their risks, and their opportunity costs
Know evidence quality, so you can navigate natural vs. conventional treatments
Know evidence quality, so you can navigate natural vs. conventional treatments
Ingredients Database
Problem
Everyday, consumers are exposed via advertisements to a new “breakthrough” hair growth ingredient – with no ability to discern if this ingredient has high-quality data supporting its use for your kind of hair loss.
Solution
We built an ingredients database that summarizes all major pharmaceuticals, extracts, nutrients, vitamins, trace elements, carrier agents, and more popularized in the hair loss community. We ranked these interventions based on evidence quality. Prioritize the ones that have a score of 50 or greater. It’s all free.
Benefits
Understand evidence quality, so you can stop buying poorly supported products
Understand evidence quality, so you can stop buying poorly supported products
Interactive Guide: Hair Loss Disorders
Problem
Consumers lack a fundamental understanding of how to differentiate hair loss types, and how similar many hair loss types can look, especially at the earliest of stages. This delays diagnoses, causes consumers to pursue treatments that don’t fit their specific needs, and worsens long-term outcomes.
Solution
We built an interactive chart revealing how hair loss progresses across genders, stages, and the four major hair loss types – from a macro- and micro- level.
Benefits
Discover why misdiagnoses are so common, especially with early-stage hair loss
Discover why misdiagnoses are so common, especially with early-stage hair loss
Know the ins and outs of hair loss – and become your own patient advocate
Know the ins and outs of hair loss – and become your own patient advocate
Uncover your biggest treatment targets, so you never waste time, money, or hair
Uncover your biggest treatment targets, so you never waste time, money, or hair
Deep-dive into: androgenic alopecia, telogen effluvium, scarring alopecias,  and alopecia areata
Deep-dive into: androgenic alopecia, telogen effluvium, scarring alopecias,  and alopecia areata
Treatment Guides
Problem
Doctors cannot (or do not have time) to educate their patients on all the ins and outs of hair loss treatments. When consumers turn to online resources, they face a sea of conflicting information – with everyone trying to sell their own pills, potions, and other physical hair growth products.
Solution
We built out complete guides for the most popular hair loss treatments: oral minoxidil, topical minoxidil, oral finasteride, topical finasteride, oral dutasteride, topical dutasteride, low-level laser therapy, ketoconazole, microneedling, platelet-rich plasma therapy, natural treatments, and more.
Benefits
Cut out the bias, and gain free access to best-in-class hair loss information
Cut out the bias, and gain free access to best-in-class hair loss information
Studies updated monthly, so you’re always up-to-date
Studies updated monthly, so you’re always up-to-date
Dynamic overviews showcase the most important, actionable information
Dynamic overviews showcase the most important, actionable information
Product Lab Tests: Purity & Potency
Problem
Companies in the hair loss industry are poorly regulated, which means they can often sell you dirt in a bottle and tell you that bottle contains ingredients it actually doesn’t have.
Solution
We lab test consumer products based on membership votes, and share the results so you know what you’re buying. Many of these reports we release entirely for free.
Benefits
Discover which products cannot meet their labeling claims, and save thousands.
Discover which products cannot meet their labeling claims, and save thousands.
Full-fledged investigations into product  claims vs. reality.
Full-fledged investigations into product  claims vs. reality.
Updated monthly, based on votes from our community
Updated monthly, based on votes from our community
You pick what we buy + lab test next
You pick what we buy + lab test next
Evidence Quality Masterclass
Problem
In the hair loss industry, companies have discovered how to cheat their clinical trials to virtually guarantee good results for any pill, supplement, topical, shampoo, or device they’re selling. They do this by exploiting consumers’ misunderstanding of evidence quality.
Solution
Our masterclass exposes these companies and their studies. We also teach a framework to protect you from these unethical practices.
Benefits
Gain expertise and become your own patient advocate
Gain expertise and become your own patient advocate
15+ real-world examples of biased studies, and from companies you’ve heard of
15+ real-world examples of biased studies, and from companies you’ve heard of
Discover why evidence quality is so important when selecting treatments
Discover why evidence quality is so important when selecting treatments
Download as a video, article, and PDF, so you can learn however you’d like
Download as a video, article, and PDF, so you can learn however you’d like
Dermatology Appointment Guide
Problem
Many dermatologists don’t care about hair loss patients. They’ll skip a scalp exam, assume it’s genetic hair loss, and then upsell patients into PRP, stem cells, & exosomes. The result: missed diagnoses and wasted time, money, & hair.
Solution
We built a step-by-step dermatology appointment guide. By asking these questions, you’ll force the doctor to do a thorough scalp exam.
Benefits
Dominate your dermatology appointment
Dominate your dermatology appointment
Get an actual scalp assessment
Get an actual scalp assessment
Get a more accurate diagnosis
Get a more accurate diagnosis
Save thousands by avoiding dermatology upsells
Save thousands by avoiding dermatology upsells
Protect yourself from lazy dermatologists
Protect yourself from lazy dermatologists
Up-To-Date Literature Reviews
Problem
Most people get their hair loss news from forums, YouTube, or hair care brands. These resources skew their study interpretations based on profit motives – constantly changing their interpretation of “safe” and “effective”  depending on what they’re selling you. The end-result: you never know the real data supporting hair loss treatments.
Solution
We hired a team of PhD’s to run systematic literature reviews on major hair loss treatments. We summarize this data in our treatment overviews, and we update the tables monthly with new studies. It’s all free.
Benefits
Dynamic tables, built in a consumer-friendly format.
Dynamic tables, built in a consumer-friendly format.
Update monthly, so your treatment education always stays up-to-date.
Update monthly, so your treatment education always stays up-to-date.
Understand evidence quality, so you can stop buying poorly supported products.
Understand evidence quality, so you can stop buying poorly supported products.
Finasteride
Dutasteride
Minoxidil
Ketoconazole
Low-Level Laser Therapy
Microneedling
Platelet-Rich Plasma Therapy (PRP)
Scalp Massages
More
Finasteride
Dutasteride
Minoxidil
Ketoconazole
Low-Level Laser Therapy
Microneedling
Scalp Massages
More
Peer-Reviewed Studies, 100% Accessible
Problem
Consumers want to learn about the science behind hair loss and treatments, but many studies are behind paywalls, and authors never break down their studies for lay people with simple, actionable advice
Solution
We publish peer-reviewed studies ranging from cross-sectional surveys to systematic literature reviews on treatments. We make them 100% free to access, and we release them alongside videos + articles explaining their findings and key takeaways.
Benefits
Deep-dives into topical finasteride, topical dutasteride, mesotherapy, microneedling, and more – so you’re always up-to-date
Deep-dives into topical finasteride, topical dutasteride, mesotherapy, microneedling, and more – so you’re always up-to-date
Simple, actionable recommendations based on the latest evidence
Simple, actionable recommendations based on the latest evidence
Become your own patient advocate
Become your own patient advocate
Free Articles
Problem
Many websites offer “free articles” that slant information to sell their own product lines, or to cash in on affiliate checks. This biases your access to good hair loss information.
Solution
We write hundreds of free articles, written and reviewed by real hair loss researchers. We don’t sell physical products. We don’t accept affiliate deals with hair loss brands. This means we can provide you with truly unbiased information.
Benefits
Dive deep into treatments, hypotheses, breakthroughs, and more
Dive deep into treatments, hypotheses, breakthroughs, and more
Know the truth behind treatments, without any “spin” for product sales
Know the truth behind treatments, without any “spin” for product sales
Updated weekly, so you can stay up-to-date with the latest information
Updated weekly, so you can stay up-to-date with the latest information
The Truth On Nutrients, Vitamin, & Trace Minerals
Problem
Many hair care brands will rebrand multivitamins as hair growth supplements, then substantiate their labeling claims with studies examining their ingredients’ effects on petri dishes, mice, and people without hair loss, rather than humans with androgenic alopecia.
Solution
We conducted full-scale investigations into most nutrients, vitamins, and trace elements indicated for hair growth. Then we synthesized our research into articles on each ingredient – so you’ll know the real science (or lack thereof) behind the products you’re buying.
Benefits
Unbiased, up-to-date information
Unbiased, up-to-date information
Save money: avoid supplements that show no benefit to human hair
Save money: avoid supplements that show no benefit to human hair
Avoid harm: some popular antioxidants may increase all-cause mortality
Avoid harm: some popular antioxidants may increase all-cause mortality
Hair Loss DNA Scanner
Problem
Gene testing companies take advantage of consumers’ lacking knowledge of evidence quality to build hair loss treatments based on DNA profiles. These cost thousands of dollars, are supported by low-quality and often irrelevant data, and are absent any validation.
Solution
We built similar genetic testing software, so you can upload your raw genetic data and get the same results — with real disclaimers on evidence quality — 100% for free.
Benefits
Save $400+ on gene testing services. We built and provide this service for free
Save $400+ on gene testing services. We built and provide this service for free
Save $1,200 booking a doctor to interpret results. We do this for you, for free
Save $1,200 booking a doctor to interpret results. We do this for you, for free
Know the “real” evidence on DNA and hair treatments (it’s limited)
Know the “real” evidence on DNA and hair treatments (it’s limited)
Constantly updated, so you can run your results every time we push an update
Constantly updated, so you can run your results every time we push an update
Genetic Articles
NR3C1: Can This Gene Predict Responsiveness to Glucocorticoids?
COL1A1: Can This Gene Predict Regrowth From Collagen Supplements?
CRABP2: Can This Gene Predict Regrowth From Retinoids?
BTD: Can This Gene Predict Regrowth From Biotin?
CYP19A1: Can This Gene Predict Regrowth From Hormone Therapy?
ACE: Can This Gene Predict Regrowth From Blood Flow Boosters?
PGTFR: Can This Gene Predict Regrowth From PGF2a Analogs?
PTGES2: Can This Gene Predict Regrowth from Minoxidil?
IGF1R: Can This Gene Predict Regrowth From IGF-1?
SRD5A1 & 2: Can These Genes Predict Regrowth From DHT Reducers?
SULT1A1: Can This Gene Predict Hair Regrowth From Minoxidil?
GPR44: Can This Gene Predict Hair Regrowth From PGD2 Inhibitors?
AI Study Analyzer
Problem
Consumers don’t know how to properly analyze studies about hair loss, so they often build regrowth regimens based on poorly supported treatments that don’t apply to their hair loss case.
Solution
We built &  trained an AI study analyzer and integrated it with our masterclass on evidence quality — so you can get instant facts about any hair loss study & make better treatment choices.
Benefits
Instant analysis for any hair loss study
Instant analysis for any hair loss study
Save + share your results with a customizable URL
Save + share your results with a customizable URL
Instantly know which studies have merit, and which don’t
Instantly know which studies have merit, and which don’t
Make better treatment decisions
Make better treatment decisions
Master your understanding of evidence quality in the hair loss industry
Master your understanding of evidence quality in the hair loss industry
HairTrackr App
Problem
People want to track progress, but they don’t know how to standardize the process and they hate the idea of keeping their photos on their phone. Comparisons are hard.
Solution
We built an app that does all of this for you, and we released it for free.
Benefits
Compare + export any two photos with the click of a button
Compare + export any two photos with the click of a button
100% private storage, so you can stop saving “hair pics” to your photo scroll
100% private storage, so you can stop saving “hair pics” to your photo scroll
Superimpose past photos to perfectly match up photo angles
Superimpose past photos to perfectly match up photo angles
Walk-through videos give you 100% guidance with each new photo entry
Walk-through videos give you 100% guidance with each new photo entry
Monthly reminders, so you never forget to take your progress pics
Monthly reminders, so you never forget to take your progress pics
Filter photos by region and timeline, making progress tracking effortless
Filter photos by region and timeline, making progress tracking effortless
Upload + auto-read older photos, so no more guessing “when” you took a pic
Upload + auto-read older photos, so no more guessing “when” you took a pic
…and more.
…and more.
Stop guessing which hair loss treatmentsactually work
You’ll get the facts on nine “natural” and “conventional” hair loss treatments: how they work, how much hair they’ll regrow, their limitations, and what their marketers don’t want you know.
Want help with your hair regrowth journey?
Get personalized support, product recommendations, video calls, and more from our researchers, trichologists, and PhD's dedicated to getting you the best possible outcomes.
Home
About
Publications
Articles
Before & Afters
Login
About
Mission Statement
Team Members
Editorial Policy
Contact
Before-Afters
Transformation Photos
Client Testimonials
Popular Treatments
Treatments
Ingredients
Key Metrics
Free Research
Topical Finasteride Calculator
Interactive Guide: What Causes Hair Loss?
Free Guide: Standardized Scalp Massages
7-Day Hair Loss Email Course
Ingredients Database
Interactive Guide: Hair Loss Disorders
Treatment Guides
Product Lab Tests: Purity & Potency
Evidence Quality Masterclass
Privacy Policy
Disclaimer"
https://ihairium.com/web-app,"hairline check aitrichologist online consultationai hair analysis
Get personalized hair & scalp help analysis witha 5-minute AI-trichologist


Feedback from the clinic on cooperation with IHairium
hair test aihairline check ai free
How Does the Free AI Diagnostic Work?
Free AI diagnostics are now available to everyone at their fingertips
















Mobile App
Web App
Online Consultations
Hair transplant Guide
Clinic Finder & Reviews
E-commerce Hair Care Brands
Salons & Barbershops
Telemedicine & Health Platforms
Clinics & Transplant Centers
Blog
Case Studies
FAQ
Terms & Conditions
Press & Media
Specialists & Experts
Barbers Program
Influencers & Ambassadors
Affiliates
Local Partners & Distributors
AI Hair & Scalp Scanner
SDK & API
White-label Widgets
Clinic Portal
About Us
Careers
Investors
Contact
Home
PeopleMobile AppWeb AppOnline ConsultationsHair Transplant GuideClinic Finder & Reviews
Mobile App
Web App
Online Consultations
Hair Transplant Guide
Clinic Finder & Reviews
BusinessE-commerce Hair Care BrandsSalons & BarbershopsTelemedicine & Health PlatformsClinics & Transplant Centers
E-commerce Hair Care Brands
Salons & Barbershops
Telemedicine & Health Platforms
Clinics & Transplant Centers
PlatformAI Hair & Scalp ScannerSDK & APIWhite-label WidgetsClinic Portal
AI Hair & Scalp Scanner
SDK & API
White-label Widgets
Clinic Portal
ResourcesBlogCase StudiesFAQTerms & ConditionsPress & Media
Blog
Case Studies
FAQ
Terms & Conditions
Press & Media
CompanyAbout UsCareersInvestorsContact
About Us
Careers
Investors
Contact
PartnersSpecialists & ExpertsBarbers ProgramInfluencers & AmbassadorsAffiliatesLocal Partners & Distributors
Specialists & Experts
Barbers Program
Influencers & Ambassadors
Affiliates
Local Partners & Distributors"
